instance;weight;size;nodes;avg_cc;avg_min_k;avg_ratio;time;alg
BPPC_8_0_3.txt_0.9.bz2;2163;5;1312;4.28092;3.01538;0.707005;42;combo
BPPC_8_0_1.txt_0.1.bz2;0;0;0;0.0;0.0;0.0;0;combo
BPPC_1_0_8.txt_0.1.bz2;2600;33;393089;24.7298;23.029;0.931726;485;combo
BPPC_4_0_4.txt_0.4.bz2;0;0;0;0.0;0.0;0.0;0;combo
BPPC_5_0_7.txt_0.1.bz2;8476;24;1163;15.9938;13.9342;0.836454;0;combo
BPPC_6_0_7.txt_0.9.bz2;1475;4;76;4.06632;2.5659;0.638898;1;combo
BPPC_1_0_4.txt_0.5.bz2;778;10;2644;7.40757;5.88602;0.802649;2;combo
BPPC_5_0_5.txt_0.1.bz2;7776;22;2478;15.7469;13.8923;0.868555;1;combo
BPPC_6_0_5.txt_0.5.bz2;3709;9;1623;8.08494;6.5478;0.815063;3;combo
BPPC_8_0_9.txt_0.8.bz2;2667;7;8531;5.38015;4.14087;0.778279;46;combo
BPPC_2_0_8.txt_0.2.bz2;2147;24;137312955;19.6213;17.9721;0.920135;209905;combo
BPPC_6_0_8.txt_0.9.bz2;1407;3;98;3.86541;2.4815;0.65449;1;combo
BPPC_3_0_4.txt_0.4.bz2;1412;15;34289443;12.5173;11.0013;0.887039;58787;combo
BPPC_8_0_5.txt_0.7.bz2;3256;8;39266;6.58999;5.2326;0.803792;72;combo
BPPC_5_0_8.txt_0.9.bz2;1267;3;35;3.64214;2.01831;0.56583;0;combo
BPPC_5_0_5.txt_0.7.bz2;2078;5;86;4.87916;3.12849;0.650928;0;combo
BPPC_7_0_8.txt_0.8.bz2;2382;5;901;5.13206;3.78236;0.746655;9;combo
BPPC_5_0_1.txt_0.8.bz2;1760;4;58;4.14562;2.39426;0.581586;0;combo
BPPC_5_0_7.txt_0.3.bz2;4566;12;722;8.94649;7.10551;0.787943;0;combo
BPPC_6_0_7.txt_0.6.bz2;2968;7;869;6.4791;4.99237;0.779292;4;combo
BPPC_8_0_3.txt_0.7.bz2;3370;8;32619;6.79236;5.44721;0.810382;68;combo
BPPC_4_0_9.txt_0.2.bz2;0;0;0;0.0;0.0;0.0;0;combo
BPPC_7_0_10.txt_0.1.bz2;0;0;0;0.0;0.0;0.0;0;combo
BPPC_5_0_9.txt_0.3.bz2;4280;12;1019;9.0093;7.27547;0.798491;0;combo
BPPC_5_0_3.txt_0.8.bz2;1656;4;68;3.95374;2.2932;0.583438;0;combo
BPPC_6_0_8.txt_0.5.bz2;3695;9;1508;8.25053;6.71797;0.820051;4;combo
BPPC_1_0_7.txt_0.9.bz2;347;4;62;4.08635;2.57894;0.642392;1;combo
BPPC_3_0_9.txt_0.5.bz2;1055;12;2655968;9.52633;8.0654;0.856458;3679;combo
BPPC_7_0_2.txt_0.9.bz2;1808;4;284;4.29838;2.95935;0.690738;9;combo
BPPC_7_0_4.txt_0.8.bz2;2434;6;1100;4.93993;3.59411;0.736509;12;combo
BPPC_4_0_5.txt_0.5.bz2;1268;14;164177207;10.8683;9.43213;0.876669;321347;combo
BPPC_6_0_1.txt_0.1.bz2;11901;33;224481;26.831;25.1187;0.937546;321;combo
BPPC_5_0_9.txt_0.8.bz2;1811;4;53;4.28947;2.5905;0.612241;0;combo
BPPC_3_0_8.txt_0.9.bz2;443;5;1311;4.36558;3.05209;0.707222;39;combo
BPPC_5_0_3.txt_0.9.bz2;1314;3;32;3.57778;2.13636;0.609091;0;combo
BPPC_6_0_4.txt_0.3.bz2;5708;14;13808;12.4522;10.8468;0.8771;14;combo
BPPC_8_0_10.txt_0.6.bz2;4026;10;275152;7.90818;6.51246;0.833992;354;combo
BPPC_6_0_6.txt_0.9.bz2;1642;4;72;4.01023;2.41602;0.619544;1;combo
BPPC_5_0_7.txt_0.6.bz2;2495;6;149;5.26467;3.52103;0.670182;0;combo
BPPC_4_0_9.txt_0.4.bz2;0;0;0;0.0;0.0;0.0;0;combo
BPPC_4_0_1.txt_0.6.bz2;1025;11;8147248;8.67171;7.29013;0.85034;13004;combo
BPPC_8_0_5.txt_0.9.bz2;2163;5;1033;4.467;3.19411;0.717275;40;combo
BPPC_2_0_10.txt_0.8.bz2;545;6;885;5.11545;3.75524;0.743631;7;combo
BPPC_4_0_7.txt_0.8.bz2;635;7;72912;5.75884;4.49297;0.786073;223;combo
BPPC_3_0_5.txt_0.7.bz2;720;8;40019;6.52998;5.17833;0.802463;79;combo
BPPC_7_0_8.txt_0.2.bz2;10144;25;73383997;20.8762;19.2205;0.924679;121966;combo
BPPC_4_0_3.txt_0.7.bz2;826;9;682641;7.0398;5.73987;0.825396;988;combo
BPPC_3_0_10.txt_0.9.bz2;456;5;1105;4.45917;3.16187;0.713004;55;combo
BPPC_3_0_5.txt_0.9.bz2;455;5;1272;4.36354;3.06378;0.707314;39;combo
BPPC_2_0_1.txt_0.3.bz2;1534;18;2809811;14.7866;13.2004;0.898979;3781;combo
BPPC_6_0_2.txt_0.8.bz2;2048;5;162;4.77198;3.27352;0.692051;2;combo
BPPC_7_0_5.txt_0.2.bz2;9764;26;143143637;19.3372;17.6902;0.918979;214231;combo
BPPC_8_0_9.txt_0.4.bz2;6481;16;32314162;12.5391;11.0216;0.88705;55375;combo
BPPC_1_0_9.txt_0.7.bz2;541;6;412;5.37239;3.85499;0.726917;1;combo
BPPC_8_0_3.txt_0.6.bz2;4123;10;243588;8.05266;6.6638;0.837782;334;combo
BPPC_3_0_4.txt_0.7.bz2;768;8;30636;6.83774;5.49911;0.812158;65;combo
BPPC_7_0_2.txt_0.1.bz2;0;0;0;0.0;0.0;0.0;0;combo
BPPC_1_0_1.txt_0.3.bz2;1211;15;13517;12.5439;10.9431;0.876364;13;combo
BPPC_8_0_3.txt_0.1.bz2;0;0;0;0.0;0.0;0.0;0;combo
BPPC_6_0_8.txt_0.1.bz2;11501;32;499605;26.2996;24.5805;0.936036;650;combo
BPPC_3_0_7.txt_0.7.bz2;726;7;41054;6.4981;5.14589;0.801123;68;combo
BPPC_8_0_4.txt_0.3.bz2;0;0;0;0.0;0.0;0.0;0;combo
BPPC_1_0_10.txt_0.4.bz2;939;11;4556;9.9181;8.36584;0.850143;4;combo
BPPC_3_0_1.txt_0.8.bz2;562;6;8355;5.38174;4.15387;0.780488;44;combo
BPPC_7_0_7.txt_0.5.bz2;4585;11;38036;9.38524;7.91779;0.853147;48;combo
BPPC_2_0_2.txt_0.1.bz2;0;0;0;0.0;0.0;0.0;0;combo
BPPC_7_0_6.txt_0.9.bz2;1703;4;299;4.19565;2.87511;0.689409;10;combo
BPPC_2_0_6.txt_0.7.bz2;656;7;2921;6.257;4.89629;0.790963;10;combo
BPPC_4_0_2.txt_0.2.bz2;0;0;0;0.0;0.0;0.0;0;combo
BPPC_4_0_7.txt_0.1.bz2;0;0;0;0.0;0.0;0.0;0;combo
BPPC_2_0_4.txt_0.2.bz2;2141;26;94211667;20.2197;18.5803;0.922909;153548;combo
BPPC_8_0_3.txt_0.4.bz2;6542;17;32111805;12.6092;11.089;0.887521;56082;combo
BPPC_5_0_5.txt_0.9.bz2;1298;3;31;3.69937;2.19563;0.602839;0;combo
BPPC_6_0_10.txt_0.6.bz2;3072;8;849;6.56187;5.08147;0.784444;1;combo
BPPC_7_0_1.txt_0.4.bz2;5485;14;393074;10.7965;9.25266;0.865672;435;combo
BPPC_1_0_7.txt_0.5.bz2;762;9;2315;7.44735;5.90584;0.7981;2;combo
BPPC_8_0_8.txt_0.8.bz2;2716;6;7899;5.4151;4.18478;0.781161;48;combo
BPPC_1_0_4.txt_0.8.bz2;496;5;230;4.45362;2.9564;0.674731;1;combo
BPPC_5_0_4.txt_0.4.bz2;3350;9;464;7.27651;5.49756;0.750873;0;combo
BPPC_7_0_5.txt_0.8.bz2;2326;6;1276;4.83326;3.52266;0.738479;8;combo
BPPC_1_0_4.txt_0.4.bz2;988;11;5213;9.57131;7.99605;0.841412;4;combo
BPPC_6_0_3.txt_0.2.bz2;7652;21;61169;16.8618;15.1913;0.904567;59;combo
BPPC_2_0_4.txt_0.3.bz2;1562;18;2470532;14.8861;13.2983;0.899498;3335;combo
BPPC_8_0_7.txt_0.2.bz2;0;0;0;0.0;0.0;0.0;0;combo
BPPC_5_0_4.txt_0.9.bz2;1215;3;36;3.52514;1.92189;0.566872;0;combo
BPPC_4_0_3.txt_0.2.bz2;0;0;0;0.0;0.0;0.0;0;combo
BPPC_1_0_2.txt_0.2.bz2;1570;20;100994;16.1478;14.4796;0.901212;97;combo
BPPC_3_0_4.txt_0.9.bz2;453;5;1279;4.29571;3.01933;0.706281;42;combo
BPPC_7_0_4.txt_0.6.bz2;3449;8;13467;7.08679;5.64573;0.806748;17;combo
BPPC_7_0_6.txt_0.7.bz2;3330;8;2040;6.57921;5.23579;0.803669;10;combo
BPPC_8_0_7.txt_0.4.bz2;6459;15;31319424;12.6773;11.157;0.888173;53315;combo
BPPC_2_0_8.txt_0.9.bz2;411;4;312;4.18812;2.80133;0.673547;8;combo
BPPC_5_0_4.txt_0.2.bz2;6262;17;717;11.5132;9.5538;0.804558;1;combo
BPPC_1_0_8.txt_0.8.bz2;431;4;177;4.6548;3.17243;0.684385;2;combo
BPPC_2_0_3.txt_0.3.bz2;1487;17;4067606;14.0363;12.4407;0.893196;5104;combo
BPPC_1_0_7.txt_0.1.bz2;2540;31;500852;26.2116;24.4843;0.935309;647;combo
BPPC_3_0_3.txt_0.9.bz2;433;5;1456;4.23709;2.93111;0.6999;42;combo
BPPC_4_0_1.txt_0.3.bz2;0;0;0;0.0;0.0;0.0;0;combo
BPPC_6_0_9.txt_0.9.bz2;1569;4;72;4.07595;2.59115;0.648337;1;combo
BPPC_8_0_6.txt_0.4.bz2;6447;15;35381975;12.4907;10.9702;0.886452;59877;combo
BPPC_7_0_5.txt_0.4.bz2;5608;14;319340;11.0191;9.48231;0.868914;373;combo
BPPC_1_0_3.txt_0.9.bz2;337;4;80;4.04678;2.34944;0.587773;2;combo
BPPC_5_0_3.txt_0.4.bz2;3491;9;396;7.74207;5.96809;0.767888;0;combo
BPPC_7_0_1.txt_0.7.bz2;3038;7;3471;6.04172;4.67681;0.782592;8;combo
BPPC_5_0_7.txt_0.9.bz2;1249;3;35;3.59395;1.94218;0.55871;0;combo
BPPC_1_0_5.txt_0.8.bz2;418;5;264;4.33381;2.77687;0.656403;1;combo
BPPC_1_0_6.txt_0.2.bz2;1538;20;227105;15.4495;13.7885;0.896702;190;combo
BPPC_7_0_10.txt_0.6.bz2;3585;9;12553;7.19041;5.7429;0.808608;14;combo
BPPC_5_0_1.txt_0.9.bz2;1267;3;32;3.57576;2.13499;0.609045;0;combo
BPPC_5_0_7.txt_0.8.bz2;1550;4;60;4.19477;2.40491;0.586372;0;combo
BPPC_6_0_9.txt_0.6.bz2;3034;7;948;6.31773;4.81058;0.767554;2;combo
BPPC_5_0_10.txt_0.6.bz2;2221;6;134;5.39102;3.64807;0.682492;0;combo
BPPC_3_0_2.txt_0.5.bz2;1092;12;2331746;9.74407;8.29063;0.860442;3263;combo
BPPC_1_0_5.txt_0.3.bz2;1291;14;24896;11.4953;9.88135;0.864222;27;combo
BPPC_3_0_2.txt_0.9.bz2;437;5;1229;4.37876;3.09381;0.711288;48;combo
BPPC_2_0_3.txt_0.7.bz2;692;7;2980;6.15142;4.7727;0.783495;9;combo
BPPC_6_0_1.txt_0.5.bz2;3837;9;1683;7.98288;6.45537;0.815508;2;combo
BPPC_7_0_2.txt_0.2.bz2;9659;26;146349111;19.7642;18.1118;0.920578;221459;combo
BPPC_5_0_1.txt_0.2.bz2;5574;16;1089;12.7213;10.9261;0.854614;0;combo
BPPC_6_0_1.txt_0.2.bz2;7404;21;103872;16.084;14.4079;0.899806;99;combo
BPPC_6_0_5.txt_0.6.bz2;3116;8;860;6.35259;4.85411;0.769522;1;combo
BPPC_4_0_6.txt_0.7.bz2;824;9;750881;6.94183;5.64099;0.82264;1006;combo
BPPC_1_0_1.txt_0.1.bz2;2524;33;1094111;23.5165;21.8084;0.928594;1146;combo
BPPC_3_0_7.txt_0.5.bz2;1139;12;2291627;9.80883;8.34862;0.860829;3253;combo
BPPC_7_0_5.txt_0.5.bz2;4568;11;33647;9.49775;8.03966;0.856099;43;combo
BPPC_7_0_9.txt_0.2.bz2;9986;25;100884646;20.197;18.5468;0.92246;158898;combo
BPPC_2_0_1.txt_0.4.bz2;1128;14;379205;10.8449;9.30864;0.867085;422;combo
BPPC_8_0_3.txt_0.5.bz2;5009;12;2233139;9.86;8.39918;0.861655;3305;combo
BPPC_8_0_2.txt_0.5.bz2;5080;12;2231910;9.83758;8.37528;0.860941;3281;combo
BPPC_6_0_2.txt_0.5.bz2;3424;10;2008;7.86861;6.3433;0.815287;2;combo
BPPC_1_0_6.txt_0.7.bz2;500;6;529;5.23391;3.72734;0.720214;1;combo
BPPC_8_0_7.txt_0.7.bz2;3420;8;32423;6.83035;5.48582;0.811874;72;combo
BPPC_6_0_4.txt_0.7.bz2;2318;6;444;5.36486;3.91497;0.741763;1;combo
BPPC_4_0_4.txt_0.8.bz2;662;7;67967;5.84848;4.59243;0.790944;215;combo
BPPC_5_0_2.txt_0.6.bz2;2432;6;105;6.0756;4.19078;0.688109;0;combo
BPPC_2_0_9.txt_0.5.bz2;965;11;55647;8.75191;7.2739;0.840331;60;combo
BPPC_5_0_3.txt_0.6.bz2;2428;7;132;5.68696;3.87667;0.679102;0;combo
BPPC_3_0_6.txt_0.8.bz2;587;6;7953;5.42984;4.19252;0.780766;40;combo
BPPC_3_0_7.txt_0.8.bz2;572;6;8531;5.38612;4.14842;0.77873;38;combo
BPPC_3_0_5.txt_0.3.bz2;0;0;0;0.0;0.0;0.0;0;combo
BPPC_8_0_1.txt_0.4.bz2;6520;15;41037096;12.2623;10.7417;0.884268;66528;combo
BPPC_5_0_8.txt_0.1.bz2;8225;23;1567;16.8344;14.9312;0.862054;1;combo
BPPC_8_0_10.txt_0.8.bz2;2567;6;9045;5.335;4.08947;0.775541;43;combo
BPPC_8_0_5.txt_0.4.bz2;6348;16;37355751;12.3689;10.843;0.884928;61982;combo
BPPC_2_0_1.txt_0.2.bz2;2119;24;101088918;20.159;18.5122;0.922303;160889;combo
BPPC_3_0_1.txt_0.2.bz2;0;0;0;0.0;0.0;0.0;0;combo
BPPC_8_0_5.txt_0.6.bz2;4106;10;252535;8.01095;6.62022;0.836607;339;combo
BPPC_4_0_1.txt_0.8.bz2;659;7;59549;6.04714;4.81515;0.801883;221;combo
BPPC_1_0_4.txt_0.3.bz2;1283;13;12111;12.3753;10.7516;0.871954;12;combo
BPPC_6_0_7.txt_0.8.bz2;1914;5;226;4.49023;2.9529;0.666379;1;combo
BPPC_2_0_8.txt_0.3.bz2;1660;19;2241651;15.0045;13.4228;0.900466;3107;combo
BPPC_8_0_9.txt_0.3.bz2;0;0;0;0.0;0.0;0.0;0;combo
BPPC_5_0_7.txt_0.5.bz2;2839;8;272;6.22044;4.46648;0.720129;0;combo
BPPC_6_0_10.txt_0.7.bz2;2341;6;457;5.33098;3.82301;0.72704;1;combo
BPPC_1_0_2.txt_0.8.bz2;448;5;212;4.43999;2.93398;0.66961;4;combo
BPPC_5_0_5.txt_0.6.bz2;2649;7;110;5.53018;3.7128;0.675185;0;combo
BPPC_5_0_3.txt_0.1.bz2;8264;23;421;18.874;16.5178;0.859123;0;combo
BPPC_3_0_7.txt_0.9.bz2;462;5;1028;4.55995;3.26269;0.719568;50;combo
BPPC_1_0_1.txt_0.8.bz2;423;5;168;4.62315;3.12937;0.687317;1;combo
BPPC_2_0_10.txt_0.4.bz2;1191;14;362425;10.7963;9.25515;0.865567;408;combo
BPPC_7_0_2.txt_0.8.bz2;2286;6;1204;4.85426;3.51871;0.733271;9;combo
BPPC_8_0_6.txt_0.9.bz2;2153;5;1242;4.34971;3.05778;0.70808;39;combo
BPPC_1_0_9.txt_0.9.bz2;340;4;99;3.96808;2.22053;0.579962;2;combo
BPPC_4_0_1.txt_0.2.bz2;0;0;0;0.0;0.0;0.0;0;combo
BPPC_8_0_2.txt_0.9.bz2;2031;5;1382;4.3158;3.01659;0.705286;51;combo
BPPC_1_0_4.txt_0.1.bz2;2545;32;743987;25.5702;23.8698;0.935308;895;combo
BPPC_6_0_4.txt_0.4.bz2;4530;12;5017;9.46742;7.87804;0.837316;4;combo
BPPC_2_0_2.txt_0.7.bz2;693;8;2279;6.46699;5.13359;0.801309;7;combo
BPPC_1_0_2.txt_0.3.bz2;1269;14;16487;12.3179;10.679;0.873361;14;combo
BPPC_8_0_8.txt_0.5.bz2;5141;13;2003884;10.0026;8.54454;0.863909;2969;combo
BPPC_7_0_3.txt_0.3.bz2;7694;20;2422531;14.7902;13.1912;0.898128;3232;combo
BPPC_7_0_5.txt_0.9.bz2;1805;4;321;4.24114;2.81892;0.673431;10;combo
BPPC_4_0_9.txt_0.6.bz2;1030;11;7949174;8.68397;7.30161;0.85044;12384;combo
BPPC_3_0_9.txt_0.6.bz2;850;9;257110;7.95588;6.56762;0.835676;333;combo
BPPC_6_0_9.txt_0.2.bz2;7452;20;124458;15.9606;14.281;0.898861;114;combo
BPPC_1_0_3.txt_0.3.bz2;1308;15;16426;11.9476;10.3484;0.871417;15;combo
BPPC_5_0_5.txt_0.2.bz2;6088;16;474;12.2806;10.1644;0.802539;0;combo
BPPC_2_0_2.txt_0.5.bz2;921;10;55614;8.7768;7.30227;0.841506;60;combo
BPPC_5_0_6.txt_0.2.bz2;5498;15;969;12.1797;10.3109;0.840815;0;combo
BPPC_8_0_5.txt_0.8.bz2;2602;6;8313;5.42653;4.19959;0.782981;41;combo
BPPC_7_0_6.txt_0.2.bz2;10048;26;65808421;20.7929;19.136;0.924336;110146;combo
BPPC_4_0_6.txt_0.9.bz2;494;5;9683;4.32675;3.1503;0.73484;162;combo
BPPC_1_0_9.txt_0.6.bz2;595;7;1428;5.82958;4.34213;0.750482;3;combo
BPPC_7_0_6.txt_0.8.bz2;2395;6;964;5.0674;3.73298;0.746062;9;combo
BPPC_5_0_8.txt_0.4.bz2;3238;9;340;7.6667;5.87398;0.762761;0;combo
BPPC_8_0_10.txt_0.2.bz2;0;0;0;0.0;0.0;0.0;0;combo
BPPC_6_0_9.txt_0.5.bz2;3486;9;2970;7.32105;5.76813;0.796055;3;combo
BPPC_3_0_6.txt_0.4.bz2;1426;15;35537705;12.4541;10.9338;0.88598;59672;combo
BPPC_1_0_10.txt_0.1.bz2;2411;32;703823;24.6547;22.9265;0.930747;855;combo
BPPC_4_0_5.txt_0.3.bz2;0;0;0;0.0;0.0;0.0;0;combo
BPPC_5_0_6.txt_0.3.bz2;4088;11;627;9.55908;7.77608;0.812652;0;combo
BPPC_4_0_3.txt_0.1.bz2;0;0;0;0.0;0.0;0.0;0;combo
BPPC_5_0_5.txt_0.5.bz2;2815;7;210;6.39998;4.56471;0.711655;0;combo
BPPC_8_0_4.txt_0.9.bz2;1917;5;1620;4.20875;2.92681;0.702529;39;combo
BPPC_3_0_8.txt_0.2.bz2;0;0;0;0.0;0.0;0.0;0;combo
BPPC_2_0_5.txt_0.6.bz2;789;9;8905;7.72334;6.31207;0.827148;16;combo
BPPC_2_0_8.txt_0.7.bz2;656;7;3565;6.0269;4.66171;0.782402;10;combo
BPPC_2_0_7.txt_0.2.bz2;2102;25;134526323;19.3267;17.6773;0.918889;200300;combo
BPPC_3_0_8.txt_0.6.bz2;997;10;229850;8.06917;6.68517;0.83808;315;combo
BPPC_1_0_2.txt_0.5.bz2;760;9;2209;7.60431;6.05912;0.803796;2;combo
BPPC_1_0_5.txt_0.5.bz2;787;9;1843;7.85451;6.29458;0.807475;3;combo
BPPC_4_0_1.txt_0.7.bz2;796;9;762090;6.92118;5.6197;0.822101;1049;combo
BPPC_3_0_4.txt_0.1.bz2;0;0;0;0.0;0.0;0.0;0;combo
BPPC_4_0_5.txt_0.2.bz2;0;0;0;0.0;0.0;0.0;0;combo
BPPC_1_0_6.txt_0.9.bz2;308;3;101;3.84261;2.41588;0.642961;3;combo
BPPC_1_0_4.txt_0.2.bz2;1697;19;86314;16.475;14.835;0.903931;86;combo
BPPC_4_0_8.txt_0.9.bz2;504;5;9632;4.3271;3.15193;0.735008;167;combo
BPPC_4_0_7.txt_0.7.bz2;882;9;498172;7.40054;6.10406;0.834344;839;combo
BPPC_4_0_3.txt_0.6.bz2;1049;11;7991352;8.67699;7.29603;0.850418;12816;combo
BPPC_8_0_1.txt_0.6.bz2;4152;10;238901;8.08105;6.69634;0.838791;331;combo
BPPC_5_0_9.txt_0.7.bz2;2157;6;63;5.16496;3.37455;0.65663;0;combo
BPPC_3_0_9.txt_0.1.bz2;0;0;0;0.0;0.0;0.0;0;combo
BPPC_8_0_5.txt_0.2.bz2;0;0;0;0.0;0.0;0.0;0;combo
BPPC_7_0_2.txt_0.4.bz2;5493;14;275242;11.2582;9.72117;0.87185;340;combo
BPPC_1_0_5.txt_0.2.bz2;1684;20;87082;16.4532;14.7992;0.902816;84;combo
BPPC_6_0_8.txt_0.4.bz2;4594;12;4126;9.70127;8.10497;0.835812;5;combo
BPPC_3_0_8.txt_0.8.bz2;579;6;8144;5.41137;4.17982;0.780626;43;combo
BPPC_8_0_2.txt_0.1.bz2;0;0;0;0.0;0.0;0.0;0;combo
BPPC_7_0_2.txt_0.5.bz2;4479;11;42942;9.07414;7.60008;0.846538;53;combo
BPPC_6_0_4.txt_0.6.bz2;2804;7;852;6.45902;4.96807;0.780689;1;combo
BPPC_2_0_1.txt_0.1.bz2;0;0;0;0.0;0.0;0.0;0;combo
BPPC_5_0_5.txt_0.3.bz2;4477;12;437;8.91911;7.0166;0.771877;0;combo
BPPC_3_0_4.txt_0.5.bz2;1121;12;2401308;9.69364;8.23669;0.859368;3447;combo
BPPC_2_0_7.txt_0.3.bz2;1517;17;3243511;14.2424;12.6673;0.895833;4229;combo
BPPC_3_0_9.txt_0.7.bz2;751;8;32581;6.73693;5.39762;0.808904;70;combo
BPPC_8_0_4.txt_0.6.bz2;4025;9;257898;8.02817;6.63683;0.837275;349;combo
BPPC_4_0_4.txt_0.5.bz2;1271;13;177711624;10.7459;9.30673;0.875098;342343;combo
BPPC_1_0_6.txt_0.5.bz2;774;8;2445;7.46485;5.91754;0.800444;2;combo
BPPC_4_0_9.txt_0.5.bz2;1296;14;137612776;11.1816;9.75153;0.880747;289494;combo
BPPC_3_0_2.txt_0.3.bz2;0;0;0;0.0;0.0;0.0;0;combo
BPPC_1_0_3.txt_0.8.bz2;412;4;176;4.60067;3.11028;0.684582;1;combo
BPPC_4_0_1.txt_0.9.bz2;504;5;8628;4.38834;3.2035;0.736789;167;combo
BPPC_8_0_6.txt_0.7.bz2;3323;8;43219;6.45881;5.09808;0.799026;76;combo
BPPC_3_0_5.txt_0.8.bz2;579;6;7974;5.4012;4.17088;0.78055;41;combo
BPPC_5_0_3.txt_0.5.bz2;2995;8;211;6.28953;4.5549;0.726151;0;combo
BPPC_6_0_5.txt_0.7.bz2;2640;7;256;5.73558;4.13294;0.72228;1;combo
BPPC_8_0_7.txt_0.8.bz2;2545;6;9112;5.31816;4.07597;0.775106;50;combo
BPPC_1_0_5.txt_0.6.bz2;633;7;1028;6.37748;4.88658;0.774635;1;combo
BPPC_8_0_10.txt_0.7.bz2;3359;8;36048;6.71036;5.35664;0.807081;69;combo
BPPC_8_0_5.txt_0.3.bz2;0;0;0;0.0;0.0;0.0;0;combo
BPPC_3_0_3.txt_0.1.bz2;0;0;0;0.0;0.0;0.0;0;combo
BPPC_2_0_2.txt_0.2.bz2;2106;24;124321572;19.871;18.2205;0.920924;192024;combo
BPPC_1_0_10.txt_0.9.bz2;370;4;69;4.03772;2.62089;0.660397;1;combo
BPPC_4_0_2.txt_0.7.bz2;914;9;478454;7.40326;6.1026;0.833416;818;combo
BPPC_3_0_6.txt_0.2.bz2;0;0;0;0.0;0.0;0.0;0;combo
BPPC_7_0_7.txt_0.1.bz2;0;0;0;0.0;0.0;0.0;0;combo
BPPC_2_0_4.txt_0.8.bz2;495;5;1132;4.97799;3.64522;0.743031;9;combo
BPPC_8_0_7.txt_0.9.bz2;2070;5;1125;4.4505;3.15603;0.71334;43;combo
BPPC_2_0_9.txt_0.4.bz2;1262;15;273854;11.2236;9.68804;0.870894;339;combo
BPPC_6_0_8.txt_0.8.bz2;2055;5;142;4.95267;3.42235;0.696053;1;combo
BPPC_5_0_10.txt_0.1.bz2;8230;24;1710;13.9113;11.9666;0.831856;0;combo
BPPC_3_0_8.txt_0.1.bz2;0;0;0;0.0;0.0;0.0;0;combo
BPPC_4_0_7.txt_0.6.bz2;993;11;8764550;8.55148;7.17085;0.848417;13654;combo
BPPC_5_0_1.txt_0.5.bz2;2828;8;205;6.35857;4.57676;0.720869;0;combo
BPPC_2_0_4.txt_0.9.bz2;424;5;247;4.47433;3.1488;0.708229;9;combo
BPPC_7_0_7.txt_0.2.bz2;9805;26;100811687;20.0873;18.4362;0.922005;161058;combo
BPPC_5_0_1.txt_0.1.bz2;8307;24;1251;16.6626;14.6761;0.854971;0;combo
BPPC_3_0_10.txt_0.8.bz2;543;6;9272;5.30387;4.05909;0.774013;42;combo
BPPC_6_0_5.txt_0.1.bz2;12004;33;354098;26.0786;24.3297;0.933371;435;combo
BPPC_3_0_5.txt_0.5.bz2;1133;12;2108125;9.90772;8.45339;0.862841;3175;combo
BPPC_7_0_9.txt_0.7.bz2;3007;8;2866;6.30339;4.93954;0.791721;9;combo
BPPC_1_0_3.txt_0.7.bz2;541;6;391;5.33968;3.77893;0.715277;1;combo
BPPC_8_0_6.txt_0.6.bz2;4101;10;237871;8.10638;6.72119;0.839526;325;combo
BPPC_7_0_10.txt_0.4.bz2;5539;13;314623;11.0522;9.50846;0.86919;373;combo
BPPC_1_0_6.txt_0.4.bz2;944;11;5782;9.23424;7.65012;0.833061;5;combo
BPPC_3_0_5.txt_0.1.bz2;0;0;0;0.0;0.0;0.0;0;combo
BPPC_3_0_1.txt_0.6.bz2;935;10;220954;8.15641;6.77686;0.840648;331;combo
BPPC_6_0_4.txt_0.2.bz2;7520;20;110938;16.1102;14.4372;0.900277;106;combo
BPPC_8_0_3.txt_0.8.bz2;2495;6;9441;5.28878;4.03962;0.772992;46;combo
BPPC_4_0_10.txt_0.6.bz2;1015;11;8389313;8.61609;7.23427;0.849327;13251;combo
BPPC_4_0_7.txt_0.3.bz2;0;0;0;0.0;0.0;0.0;0;combo
BPPC_8_0_10.txt_0.5.bz2;5145;12;2143132;9.90741;8.44746;0.862228;3204;combo
BPPC_2_0_10.txt_0.6.bz2;763;9;12729;7.12747;5.69805;0.808864;16;combo
BPPC_5_0_10.txt_0.8.bz2;1507;4;51;4.3312;2.63858;0.622058;0;combo
BPPC_6_0_3.txt_0.3.bz2;5607;14;22924;12.0357;10.414;0.872468;21;combo
BPPC_6_0_7.txt_0.4.bz2;4232;11;5566;9.57332;8.01113;0.844991;5;combo
BPPC_3_0_3.txt_0.4.bz2;1390;15;33496617;12.492;10.9749;0.886713;57372;combo
BPPC_6_0_6.txt_0.5.bz2;3682;9;1741;8.09814;6.55955;0.816794;3;combo
BPPC_5_0_4.txt_0.8.bz2;1672;4;43;4.3944;2.70424;0.618526;0;combo
BPPC_1_0_9.txt_0.2.bz2;1830;21;43953;17.6421;16.0102;0.91043;51;combo
BPPC_2_0_10.txt_0.2.bz2;2119;26;122105058;19.7923;18.1478;0.921135;192397;combo
BPPC_2_0_9.txt_0.3.bz2;1571;17;3363131;14.3521;12.7552;0.895208;4411;combo
BPPC_7_0_8.txt_0.6.bz2;4141;10;7131;7.9384;6.51849;0.829083;22;combo
BPPC_4_0_4.txt_0.1.bz2;0;0;0;0.0;0.0;0.0;0;combo
BPPC_6_0_1.txt_0.4.bz2;4528;12;4891;9.8028;8.21572;0.844737;4;combo
BPPC_8_0_2.txt_0.3.bz2;0;0;0;0.0;0.0;0.0;0;combo
BPPC_2_0_10.txt_0.1.bz2;0;0;0;0.0;0.0;0.0;0;combo
BPPC_3_0_8.txt_0.3.bz2;0;0;0;0.0;0.0;0.0;0;combo
BPPC_8_0_8.txt_0.2.bz2;0;0;0;0.0;0.0;0.0;0;combo
BPPC_1_0_7.txt_0.7.bz2;547;6;290;5.76658;4.26788;0.750835;1;combo
BPPC_8_0_1.txt_0.8.bz2;2664;6;8528;5.37583;4.14134;0.779291;43;combo
BPPC_8_0_4.txt_0.4.bz2;6467;16;30108933;12.7786;11.2614;0.889311;53418;combo
BPPC_1_0_6.txt_0.3.bz2;1230;15;21196;11.3153;9.71093;0.862143;17;combo
BPPC_8_0_8.txt_0.6.bz2;4329;10;262373;7.9501;6.54922;0.833977;340;combo
BPPC_8_0_1.txt_0.7.bz2;3365;9;35110;6.71778;5.36564;0.80801;66;combo
BPPC_7_0_4.txt_0.9.bz2;1899;4;273;4.35916;3.05479;0.702783;8;combo
BPPC_8_0_8.txt_0.7.bz2;3326;8;38076;6.6172;5.26028;0.804302;68;combo
BPPC_8_0_5.txt_0.5.bz2;5012;12;2286475;9.78905;8.32887;0.860595;3364;combo
BPPC_2_0_3.txt_0.6.bz2;792;9;12398;7.14382;5.71618;0.809229;18;combo
BPPC_5_0_9.txt_0.4.bz2;3867;10;292;8.09941;6.19393;0.752222;0;combo
BPPC_6_0_6.txt_0.4.bz2;4331;10;6757;9.15965;7.58958;0.834525;5;combo
BPPC_3_0_7.txt_0.6.bz2;938;10;230056;8.08365;6.69733;0.83847;319;combo
BPPC_6_0_4.txt_0.5.bz2;3535;10;2290;7.58867;6.03369;0.803895;2;combo
BPPC_5_0_8.txt_0.7.bz2;1968;5;92;4.72741;2.99288;0.639526;0;combo
BPPC_5_0_2.txt_0.1.bz2;8180;21;2436;16.26;14.4068;0.871777;1;combo
BPPC_1_0_9.txt_0.5.bz2;872;9;2622;7.26038;5.72299;0.794265;2;combo
BPPC_2_0_9.txt_0.7.bz2;608;7;3945;5.95478;4.58387;0.7793;8;combo
BPPC_5_0_6.txt_0.1.bz2;8614;24;1053;17.2837;15.27;0.86131;0;combo
BPPC_5_0_9.txt_0.1.bz2;8063;22;790;17.3234;15.2422;0.863971;0;combo
BPPC_4_0_8.txt_0.1.bz2;0;0;0;0.0;0.0;0.0;0;combo
BPPC_8_0_4.txt_0.8.bz2;2538;6;9380;5.28386;4.03909;0.773517;42;combo
BPPC_6_0_7.txt_0.2.bz2;7639;21;115599;15.9274;14.2366;0.8974;106;combo
BPPC_3_0_9.txt_0.8.bz2;606;7;6772;5.53637;4.31072;0.786006;43;combo
BPPC_4_0_10.txt_0.1.bz2;0;0;0;0.0;0.0;0.0;0;combo
BPPC_4_0_10.txt_0.3.bz2;0;0;0;0.0;0.0;0.0;0;combo
BPPC_7_0_3.txt_0.4.bz2;5405;13;369999;10.7863;9.2367;0.865323;415;combo
BPPC_3_0_4.txt_0.6.bz2;919;10;241683;8.03005;6.64211;0.836999;339;combo
BPPC_2_0_9.txt_0.1.bz2;0;0;0;0.0;0.0;0.0;0;combo
BPPC_3_0_8.txt_0.4.bz2;1514;16;31908381;12.5323;11.0189;0.887272;54821;combo
BPPC_5_0_4.txt_0.1.bz2;8214;23;1110;16.3383;14.3297;0.841958;0;combo
BPPC_7_0_1.txt_0.1.bz2;0;0;0;0.0;0.0;0.0;0;combo
BPPC_4_0_6.txt_0.5.bz2;1291;14;154470032;10.9438;9.51092;0.877765;310477;combo
BPPC_8_0_8.txt_0.1.bz2;0;0;0;0.0;0.0;0.0;0;combo
BPPC_6_0_4.txt_0.9.bz2;1540;4;69;4.0339;2.52444;0.6353;2;combo
BPPC_4_0_8.txt_0.8.bz2;697;7;58060;6.0598;4.82699;0.801769;213;combo
BPPC_4_0_1.txt_0.4.bz2;0;0;0;0.0;0.0;0.0;0;combo
BPPC_2_0_8.txt_0.4.bz2;1259;14;245281;11.4788;9.94405;0.874249;318;combo
BPPC_5_0_8.txt_0.3.bz2;4294;12;454;9.40379;7.53923;0.793664;0;combo
BPPC_5_0_2.txt_0.2.bz2;5920;16;862;12.0026;10.1598;0.831447;0;combo
BPPC_7_0_9.txt_0.4.bz2;5472;14;299278;11.2417;9.69928;0.871305;363;combo
BPPC_3_0_9.txt_0.9.bz2;445;5;1342;4.32389;3.02559;0.705347;43;combo
BPPC_5_0_6.txt_0.6.bz2;2336;6;143;5.45634;3.62552;0.662815;0;combo
BPPC_6_0_10.txt_0.2.bz2;7544;20;113663;15.9158;14.2638;0.899747;108;combo
BPPC_6_0_1.txt_0.9.bz2;1488;4;64;4.06271;2.58095;0.650195;1;combo
BPPC_8_0_8.txt_0.3.bz2;0;0;0;0.0;0.0;0.0;0;combo
BPPC_5_0_8.txt_0.6.bz2;2620;6;110;5.56871;3.72839;0.662339;0;combo
BPPC_6_0_1.txt_0.7.bz2;2469;6;492;5.16262;3.63936;0.715072;1;combo
BPPC_2_0_2.txt_0.9.bz2;398;4;284;4.27823;2.89699;0.684868;13;combo
BPPC_4_0_8.txt_0.3.bz2;0;0;0;0.0;0.0;0.0;0;combo
BPPC_5_0_10.txt_0.3.bz2;4483;12;284;10.1276;8.18329;0.797167;0;combo
BPPC_6_0_6.txt_0.6.bz2;2863;7;908;6.43352;4.9506;0.778891;1;combo
BPPC_2_0_5.txt_0.9.bz2;388;4;365;4.03732;2.70434;0.671008;10;combo
BPPC_6_0_8.txt_0.7.bz2;2491;6;403;5.39781;3.9297;0.737171;1;combo
BPPC_4_0_2.txt_0.1.bz2;0;0;0;0.0;0.0;0.0;0;combo
BPPC_6_0_2.txt_0.7.bz2;2202;6;518;5.16923;3.66787;0.719642;1;combo
BPPC_4_0_10.txt_0.8.bz2;665;7;62485;5.95944;4.71822;0.796993;216;combo
BPPC_1_0_8.txt_0.4.bz2;998;11;3880;9.56328;7.98455;0.837381;4;combo
BPPC_6_0_5.txt_0.8.bz2;2013;5;158;4.7672;3.28924;0.697712;1;combo
BPPC_3_0_6.txt_0.9.bz2;481;5;1166;4.428;3.13292;0.711296;40;combo
BPPC_8_0_3.txt_0.3.bz2;0;0;0;0.0;0.0;0.0;0;combo
BPPC_7_0_7.txt_0.7.bz2;2862;7;3466;6.06617;4.71133;0.785581;7;combo
BPPC_6_0_7.txt_0.5.bz2;3610;9;1965;7.77225;6.22474;0.807727;2;combo
BPPC_7_0_1.txt_0.5.bz2;4511;10;36839;9.34782;7.88736;0.853477;48;combo
BPPC_3_0_6.txt_0.3.bz2;0;0;0;0.0;0.0;0.0;0;combo
BPPC_1_0_8.txt_0.6.bz2;619;7;799;6.32966;4.83198;0.770046;1;combo
BPPC_3_0_7.txt_0.2.bz2;0;0;0;0.0;0.0;0.0;0;combo
BPPC_3_0_2.txt_0.2.bz2;0;0;0;0.0;0.0;0.0;0;combo
BPPC_2_0_3.txt_0.4.bz2;1232;14;223061;11.6394;10.1191;0.8776;299;combo
BPPC_5_0_3.txt_0.3.bz2;4419;12;679;9.44838;7.64468;0.801361;0;combo
BPPC_3_0_4.txt_0.2.bz2;0;0;0;0.0;0.0;0.0;0;combo
BPPC_8_0_7.txt_0.5.bz2;4966;13;2391367;9.74643;8.28258;0.859688;3435;combo
BPPC_8_0_1.txt_0.9.bz2;2064;5;1249;4.38806;3.08848;0.709931;43;combo
BPPC_6_0_6.txt_0.7.bz2;2267;6;476;5.22495;3.7266;0.725465;2;combo
BPPC_4_0_4.txt_0.3.bz2;0;0;0;0.0;0.0;0.0;0;combo
BPPC_2_0_4.txt_0.6.bz2;774;9;11146;7.26906;5.84028;0.811926;20;combo
BPPC_7_0_1.txt_0.2.bz2;10119;25;57574297;20.6234;18.9703;0.923792;97369;combo
BPPC_6_0_2.txt_0.2.bz2;7407;20;98459;16.0095;14.3593;0.900786;93;combo
BPPC_1_0_2.txt_0.1.bz2;2527;32;773804;24.3868;22.6709;0.930922;902;combo
BPPC_3_0_10.txt_0.3.bz2;0;0;0;0.0;0.0;0.0;0;combo
BPPC_1_0_6.txt_0.1.bz2;2534;35;742417;25.1212;23.4205;0.933701;882;combo
BPPC_8_0_9.txt_0.2.bz2;0;0;0;0.0;0.0;0.0;0;combo
BPPC_4_0_1.txt_0.1.bz2;0;0;0;0.0;0.0;0.0;0;combo
BPPC_7_0_2.txt_0.7.bz2;3088;7;2423;6.45948;5.12314;0.801737;13;combo
BPPC_8_0_2.txt_0.7.bz2;3347;8;43176;6.44952;5.0921;0.799248;74;combo
BPPC_4_0_9.txt_0.9.bz2;490;5;9798;4.32063;3.1442;0.73472;164;combo
BPPC_5_0_8.txt_0.5.bz2;2737;7;176;6.43903;4.67625;0.737941;0;combo
BPPC_4_0_8.txt_0.4.bz2;0;0;0;0.0;0.0;0.0;0;combo
BPPC_6_0_7.txt_0.3.bz2;5462;15;24927;11.8127;10.1717;0.867112;21;combo
BPPC_6_0_9.txt_0.3.bz2;5546;14;26015;11.6233;9.99178;0.865669;22;combo
BPPC_2_0_8.txt_0.8.bz2;527;6;1145;4.95991;3.59835;0.734359;8;combo
BPPC_7_0_9.txt_0.5.bz2;4400;12;50495;8.9674;7.4858;0.844528;58;combo
BPPC_5_0_6.txt_0.4.bz2;3511;9;441;7.13965;5.38204;0.754017;0;combo
BPPC_7_0_9.txt_0.9.bz2;1740;4;359;4.15036;2.75022;0.668041;9;combo
BPPC_6_0_9.txt_0.7.bz2;2334;6;403;5.39384;3.91594;0.738196;1;combo
BPPC_3_0_6.txt_0.7.bz2;724;8;40560;6.51972;5.16125;0.801218;74;combo
BPPC_2_0_1.txt_0.8.bz2;479;5;1265;4.83586;3.51575;0.737725;15;combo
BPPC_6_0_10.txt_0.5.bz2;3457;9;2551;7.50491;5.94371;0.799162;5;combo
BPPC_7_0_10.txt_0.5.bz2;4236;10;60798;8.70186;7.21668;0.839304;69;combo
BPPC_8_0_9.txt_0.9.bz2;2060;5;1415;4.30511;3.01063;0.706905;56;combo
BPPC_4_0_4.txt_0.2.bz2;0;0;0;0.0;0.0;0.0;0;combo
BPPC_8_0_6.txt_0.1.bz2;0;0;0;0.0;0.0;0.0;0;combo
BPPC_2_0_7.txt_0.4.bz2;1252;13;262937;11.2197;9.68986;0.871543;324;combo
BPPC_4_0_10.txt_0.2.bz2;0;0;0;0.0;0.0;0.0;0;combo
BPPC_3_0_6.txt_0.5.bz2;1123;12;2167565;9.87791;8.42085;0.861999;3243;combo
BPPC_2_0_5.txt_0.8.bz2;519;6;1029;4.99433;3.66039;0.742314;7;combo
BPPC_7_0_10.txt_0.3.bz2;7117;17;2617963;14.7431;13.1549;0.898674;3580;combo
BPPC_5_0_1.txt_0.6.bz2;2257;6;172;5.44423;3.69921;0.685668;0;combo
BPPC_2_0_3.txt_0.5.bz2;995;11;46173;8.97389;7.50503;0.845073;56;combo
BPPC_1_0_10.txt_0.8.bz2;430;5;210;4.45286;2.95665;0.668066;2;combo
BPPC_5_0_3.txt_0.7.bz2;1971;5;77;4.90602;3.18051;0.656386;0;combo
BPPC_4_0_9.txt_0.7.bz2;838;9;680200;7.06166;5.76504;0.826489;991;combo
BPPC_1_0_4.txt_0.9.bz2;334;4;85;3.90017;2.43651;0.634514;1;combo
BPPC_6_0_10.txt_0.8.bz2;2136;5;147;4.89705;3.40248;0.700482;1;combo
BPPC_4_0_9.txt_0.8.bz2;707;7;54925;6.1151;4.8862;0.804292;209;combo
BPPC_6_0_3.txt_0.7.bz2;2444;6;343;5.49353;3.8589;0.714952;1;combo
BPPC_3_0_9.txt_0.2.bz2;0;0;0;0.0;0.0;0.0;0;combo
BPPC_7_0_7.txt_0.8.bz2;2267;5;1288;4.85793;3.51573;0.733022;9;combo
BPPC_2_0_8.txt_0.5.bz2;1000;10;42720;9.27541;7.80791;0.851599;56;combo
BPPC_4_0_6.txt_0.8.bz2;678;7;52052;6.22003;5.00882;0.810551;209;combo
BPPC_3_0_1.txt_0.7.bz2;727;8;35990;6.66051;5.31645;0.80687;70;combo
BPPC_7_0_10.txt_0.8.bz2;2328;6;1078;4.97534;3.63657;0.740406;7;combo
BPPC_5_0_2.txt_0.5.bz2;2883;8;218;6.37295;4.63145;0.726346;0;combo
BPPC_7_0_3.txt_0.1.bz2;0;0;0;0.0;0.0;0.0;0;combo
BPPC_3_0_3.txt_0.2.bz2;0;0;0;0.0;0.0;0.0;0;combo
BPPC_5_0_10.txt_0.2.bz2;5553;15;1358;11.3254;9.51639;0.83062;0;combo
BPPC_4_0_8.txt_0.5.bz2;1273;14;163440311;10.9124;9.47221;0.876922;322223;combo
BPPC_7_0_6.txt_0.4.bz2;5337;13;304451;11.1228;9.58367;0.870107;363;combo
BPPC_2_0_10.txt_0.5.bz2;913;11;72647;8.32799;6.85442;0.832653;72;combo
BPPC_1_0_7.txt_0.4.bz2;861;11;9460;8.76623;7.19128;0.827865;7;combo
BPPC_3_0_1.txt_0.3.bz2;0;0;0;0.0;0.0;0.0;0;combo
BPPC_3_0_8.txt_0.7.bz2;726;8;38337;6.60893;5.25609;0.804724;73;combo
BPPC_7_0_4.txt_0.2.bz2;10219;25;65783333;20.7577;19.1122;0.924698;112373;combo
BPPC_6_0_10.txt_0.1.bz2;11992;32;641986;23.7755;22.051;0.927994;723;combo
BPPC_4_0_3.txt_0.3.bz2;0;0;0;0.0;0.0;0.0;0;combo
BPPC_3_0_9.txt_0.4.bz2;1439;15;31501577;12.6156;11.1018;0.88778;54361;combo
BPPC_2_0_9.txt_0.6.bz2;772;9;11701;7.31588;5.87845;0.81353;17;combo
BPPC_5_0_2.txt_0.7.bz2;1956;5;114;4.42285;2.62139;0.604788;0;combo
BPPC_2_0_6.txt_0.9.bz2;403;4;315;4.13382;2.85184;0.694145;10;combo
BPPC_3_0_1.txt_0.5.bz2;1119;12;1954576;10.0392;8.58859;0.864886;3037;combo
BPPC_7_0_9.txt_0.3.bz2;7342;19;3521680;14.4049;12.802;0.895226;4578;combo
BPPC_4_0_5.txt_0.4.bz2;0;0;0;0.0;0.0;0.0;0;combo
BPPC_1_0_1.txt_0.6.bz2;623;7;1012;6.11562;4.62014;0.758321;1;combo
BPPC_7_0_8.txt_0.4.bz2;5308;14;349548;10.8554;9.3104;0.866331;400;combo
BPPC_1_0_4.txt_0.7.bz2;504;6;553;5.11643;3.61326;0.71545;1;combo
BPPC_3_0_2.txt_0.6.bz2;872;9;277668;7.87383;6.48325;0.833592;356;combo
BPPC_4_0_4.txt_0.9.bz2;500;5;9048;4.35105;3.17074;0.735409;165;combo
BPPC_5_0_1.txt_0.4.bz2;3675;9;332;7.4162;5.56272;0.738137;0;combo
BPPC_4_0_8.txt_0.6.bz2;1034;11;7430593;8.79665;7.41887;0.852817;12296;combo
BPPC_4_0_10.txt_0.7.bz2;830;9;683857;7.04244;5.74684;0.826009;996;combo
BPPC_5_0_4.txt_0.3.bz2;4455;12;629;9.42451;7.6416;0.807604;0;combo
BPPC_4_0_2.txt_0.5.bz2;1284;13;159870063;10.9155;9.48261;0.877575;319827;combo
BPPC_7_0_9.txt_0.8.bz2;2280;6;1155;4.85285;3.51816;0.733595;9;combo
BPPC_1_0_2.txt_0.7.bz2;544;6;320;5.58011;4.05916;0.73694;3;combo
BPPC_5_0_2.txt_0.3.bz2;4322;11;1400;8.19254;6.43248;0.780166;0;combo
BPPC_1_0_1.txt_0.7.bz2;563;6;407;5.34098;3.79463;0.715547;2;combo
BPPC_7_0_10.txt_0.7.bz2;2851;7;3510;6.0723;4.69529;0.78405;12;combo
BPPC_5_0_6.txt_0.5.bz2;2823;7;200;6.60008;4.86207;0.742275;0;combo
BPPC_4_0_5.txt_0.7.bz2;851;9;695402;7.02906;5.73136;0.8254;1004;combo
BPPC_5_0_8.txt_0.8.bz2;1454;4;51;4.06407;2.47066;0.619677;0;combo
BPPC_2_0_1.txt_0.9.bz2;410;4;278;4.37257;2.98953;0.688031;6;combo
BPPC_4_0_6.txt_0.3.bz2;0;0;0;0.0;0.0;0.0;0;combo
BPPC_4_0_5.txt_0.9.bz2;499;5;8650;4.39062;3.20872;0.737661;164;combo
BPPC_8_0_2.txt_0.2.bz2;0;0;0;0.0;0.0;0.0;0;combo
BPPC_1_0_8.txt_0.9.bz2;284;3;99;3.82195;2.525;0.670374;1;combo
BPPC_1_0_5.txt_0.9.bz2;334;4;66;4.12169;2.64205;0.654348;1;combo
BPPC_1_0_1.txt_0.5.bz2;744;8;2193;7.66871;6.14121;0.807972;3;combo
BPPC_5_0_7.txt_0.4.bz2;3492;9;360;7.454;5.66726;0.752782;0;combo
BPPC_1_0_1.txt_0.9.bz2;325;4;98;3.78674;2.25426;0.605966;2;combo
BPPC_5_0_5.txt_0.4.bz2;3477;9;314;7.77756;6.0435;0.774924;0;combo
BPPC_3_0_10.txt_0.6.bz2;936;10;228901;8.0845;6.70268;0.838748;316;combo
BPPC_5_0_9.txt_0.9.bz2;1352;3;39;3.63278;1.80332;0.519702;0;combo
BPPC_8_0_9.txt_0.5.bz2;5021;13;2462920;9.74448;8.27871;0.859401;3539;combo
BPPC_6_0_9.txt_0.1.bz2;12473;34;121208;27.4465;25.7463;0.938095;173;combo
BPPC_8_0_8.txt_0.4.bz2;6519;17;31533851;12.7135;11.1939;0.888538;55105;combo
BPPC_6_0_5.txt_0.2.bz2;7626;19;141507;15.9275;14.2463;0.898753;131;combo
BPPC_2_0_6.txt_0.8.bz2;503;5;996;5.05628;3.71867;0.746264;10;combo
BPPC_3_0_5.txt_0.6.bz2;913;10;223559;8.16748;6.78589;0.841101;316;combo
BPPC_1_0_7.txt_0.6.bz2;627;7;839;6.36733;4.89243;0.773783;1;combo
BPPC_1_0_7.txt_0.8.bz2;404;5;185;4.64715;3.18115;0.693226;1;combo
BPPC_2_0_3.txt_0.8.bz2;527;6;1028;5.04295;3.68294;0.739398;13;combo
BPPC_6_0_4.txt_0.8.bz2;1862;5;176;4.722;3.21271;0.688984;1;combo
BPPC_2_0_8.txt_0.1.bz2;0;0;0;0.0;0.0;0.0;0;combo
BPPC_6_0_10.txt_0.9.bz2;1600;4;62;4.17108;2.7478;0.669391;3;combo
BPPC_2_0_1.txt_0.5.bz2;933;11;58757;8.83064;7.35551;0.843022;66;combo
BPPC_6_0_4.txt_0.1.bz2;11738;31;214688;26.3682;24.6578;0.936737;317;combo
BPPC_8_0_4.txt_0.1.bz2;0;0;0;0.0;0.0;0.0;0;combo
BPPC_4_0_3.txt_0.4.bz2;0;0;0;0.0;0.0;0.0;0;combo
BPPC_2_0_7.txt_0.8.bz2;498;6;1240;4.84377;3.52168;0.736533;10;combo
BPPC_6_0_2.txt_0.6.bz2;2820;8;826;6.55123;5.06306;0.78227;1;combo
BPPC_2_0_5.txt_0.5.bz2;940;11;62387;8.68245;7.20016;0.838817;70;combo
BPPC_6_0_3.txt_0.8.bz2;1853;4;233;4.49397;3.01591;0.679198;1;combo
BPPC_6_0_3.txt_0.9.bz2;1478;3;75;4.07532;2.466;0.627;1;combo
BPPC_4_0_9.txt_0.1.bz2;0;0;0;0.0;0.0;0.0;0;combo
BPPC_3_0_5.txt_0.4.bz2;1429;16;35946990;12.3636;10.8484;0.885497;59677;combo
BPPC_8_0_9.txt_0.7.bz2;3301;8;38272;6.61425;5.25518;0.80398;73;combo
BPPC_6_0_2.txt_0.3.bz2;5653;16;20728;11.731;10.1077;0.866339;18;combo
BPPC_2_0_3.txt_0.9.bz2;391;4;255;4.43927;3.07984;0.69812;7;combo
BPPC_1_0_4.txt_0.6.bz2;609;7;1138;6.11807;4.632;0.764601;1;combo
BPPC_4_0_7.txt_0.4.bz2;0;0;0;0.0;0.0;0.0;0;combo
BPPC_7_0_7.txt_0.6.bz2;3473;8;12463;7.24155;5.80803;0.812783;18;combo
BPPC_3_0_10.txt_0.2.bz2;0;0;0;0.0;0.0;0.0;0;combo
BPPC_7_0_8.txt_0.7.bz2;3188;8;2921;6.22612;4.86112;0.788843;9;combo
BPPC_7_0_4.txt_0.5.bz2;4550;10;50916;8.92186;7.44386;0.84397;59;combo
BPPC_8_0_8.txt_0.9.bz2;2167;5;978;4.57284;3.27949;0.720155;38;combo
BPPC_6_0_10.txt_0.4.bz2;4439;11;6539;9.33427;7.7632;0.839223;5;combo
BPPC_1_0_2.txt_0.6.bz2;648;6;1009;6.2227;4.70617;0.761162;3;combo
BPPC_8_0_6.txt_0.3.bz2;0;0;0;0.0;0.0;0.0;0;combo
BPPC_7_0_10.txt_0.9.bz2;1783;4;244;4.44603;3.17689;0.717937;10;combo
BPPC_1_0_2.txt_0.4.bz2;942;12;5619;9.49935;7.93565;0.843444;5;combo
BPPC_3_0_6.txt_0.1.bz2;0;0;0;0.0;0.0;0.0;0;combo
BPPC_7_0_4.txt_0.3.bz2;7068;18;3714016;14.1428;12.5454;0.893634;4660;combo
BPPC_6_0_6.txt_0.8.bz2;2105;5;170;4.70974;3.10724;0.664123;2;combo
BPPC_8_0_1.txt_0.5.bz2;5063;12;2257240;9.79512;8.33833;0.860937;3355;combo
BPPC_7_0_8.txt_0.5.bz2;4442;10;52402;8.91986;7.44213;0.844068;59;combo
BPPC_1_0_10.txt_0.3.bz2;1129;14;28065;11.4714;9.85731;0.865498;23;combo
BPPC_8_0_2.txt_0.8.bz2;2658;6;8004;5.43624;4.21171;0.783536;43;combo
BPPC_1_0_7.txt_0.2.bz2;1597;20;180755;15.5722;13.9105;0.896956;158;combo
BPPC_5_0_10.txt_0.9.bz2;1189;3;43;3.6191;1.9371;0.560872;0;combo
BPPC_1_0_3.txt_0.6.bz2;563;7;1288;5.92215;4.45842;0.760144;1;combo
BPPC_8_0_2.txt_0.4.bz2;6488;16;34813806;12.5204;11.0017;0.886749;59465;combo
BPPC_2_0_5.txt_0.2.bz2;2176;26;52894591;21.2147;19.5678;0.92642;94057;combo
BPPC_8_0_1.txt_0.3.bz2;0;0;0;0.0;0.0;0.0;0;combo
BPPC_4_0_6.txt_0.2.bz2;0;0;0;0.0;0.0;0.0;0;combo
BPPC_4_0_7.txt_0.5.bz2;1273;14;149281845;11.0274;9.59365;0.87872;304229;combo
BPPC_1_0_7.txt_0.3.bz2;1228;14;22018;11.9491;10.3395;0.870906;18;combo
BPPC_8_0_9.txt_0.6.bz2;3942;10;288358;7.85196;6.45204;0.832294;370;combo
BPPC_1_0_8.txt_0.3.bz2;1269;16;14000;12.4605;10.851;0.875012;13;combo
BPPC_3_0_6.txt_0.6.bz2;902;9;245683;8.01612;6.62835;0.836972;333;combo
BPPC_1_0_9.txt_0.4.bz2;1035;12;4298;9.94996;8.39042;0.848854;4;combo
BPPC_8_0_2.txt_0.6.bz2;4125;9;245631;8.09383;6.70462;0.838657;337;combo
BPPC_2_0_2.txt_0.6.bz2;776;8;12522;7.20138;5.77089;0.809772;17;combo
BPPC_2_0_2.txt_0.4.bz2;1208;14;294312;11.2894;9.76199;0.872995;358;combo
BPPC_1_0_6.txt_0.8.bz2;449;5;142;4.91851;3.20875;0.66438;1;combo
BPPC_8_0_10.txt_0.3.bz2;0;0;0;0.0;0.0;0.0;0;combo
BPPC_2_0_10.txt_0.3.bz2;1523;17;3807889;14.1338;12.5478;0.894294;4862;combo
BPPC_3_0_10.txt_0.1.bz2;0;0;0;0.0;0.0;0.0;0;combo
BPPC_2_0_7.txt_0.9.bz2;396;4;292;4.20982;2.8892;0.687876;13;combo
BPPC_2_0_7.txt_0.5.bz2;961;10;48362;9.08722;7.62037;0.848243;59;combo
BPPC_1_0_3.txt_0.2.bz2;1593;20;107439;15.8658;14.1986;0.898614;101;combo
BPPC_5_0_10.txt_0.5.bz2;3088;8;131;6.51255;4.53252;0.685665;0;combo
BPPC_4_0_2.txt_0.6.bz2;1013;11;8849033;8.53089;7.14818;0.847666;13661;combo
BPPC_4_0_2.txt_0.4.bz2;0;0;0;0.0;0.0;0.0;0;combo
BPPC_2_0_6.txt_0.3.bz2;1492;19;4066877;14.1289;12.5377;0.893941;5146;combo
BPPC_6_0_1.txt_0.8.bz2;1869;4;187;4.67199;3.14662;0.685718;1;combo
BPPC_5_0_4.txt_0.6.bz2;2468;6;121;5.71636;3.89536;0.683411;0;combo
BPPC_7_0_3.txt_0.5.bz2;4325;11;58805;8.74451;7.25486;0.839604;63;combo
BPPC_4_0_4.txt_0.6.bz2;1054;12;7494192;8.7625;7.38307;0.851911;12276;combo
BPPC_3_0_2.txt_0.8.bz2;622;6;7274;5.45203;4.20974;0.779507;41;combo
BPPC_6_0_6.txt_0.1.bz2;11921;33;283079;26.2576;24.5221;0.934668;381;combo
BPPC_5_0_2.txt_0.4.bz2;3458;9;304;7.43412;5.70194;0.756321;0;combo
BPPC_8_0_7.txt_0.1.bz2;0;0;0;0.0;0.0;0.0;0;combo
BPPC_2_0_10.txt_0.9.bz2;422;4;253;4.41475;3.12836;0.712976;10;combo
BPPC_3_0_8.txt_0.5.bz2;1123;12;2007598;10.0229;8.57129;0.864648;3067;combo
BPPC_2_0_7.txt_0.7.bz2;670;7;2621;6.35785;5.02929;0.79899;10;combo
BPPC_4_0_5.txt_0.8.bz2;665;7;57990;6.08087;4.85201;0.803383;213;combo
BPPC_2_0_10.txt_0.7.bz2;625;6;4005;5.89053;4.52115;0.776038;12;combo
BPPC_3_0_5.txt_0.2.bz2;0;0;0;0.0;0.0;0.0;0;combo
BPPC_6_0_3.txt_0.6.bz2;3224;8;539;6.99127;5.43799;0.780825;1;combo
BPPC_8_0_7.txt_0.3.bz2;0;0;0;0.0;0.0;0.0;0;combo
BPPC_2_0_9.txt_0.9.bz2;396;4;228;4.52412;3.29008;0.728874;12;combo
BPPC_6_0_5.txt_0.4.bz2;4404;11;6005;9.58432;8.01109;0.843084;6;combo
BPPC_5_0_7.txt_0.2.bz2;6036;16;558;11.9306;9.94242;0.800101;0;combo
BPPC_4_0_2.txt_0.3.bz2;0;0;0;0.0;0.0;0.0;0;combo
BPPC_1_0_5.txt_0.1.bz2;2591;33;255718;26.1107;24.3804;0.933872;331;combo
BPPC_4_0_9.txt_0.3.bz2;0;0;0;0.0;0.0;0.0;0;combo
BPPC_6_0_1.txt_0.3.bz2;5612;15;16847;12.3561;10.737;0.874881;16;combo
BPPC_2_0_4.txt_0.7.bz2;649;8;3253;6.16114;4.81543;0.791266;11;combo
BPPC_1_0_3.txt_0.4.bz2;941;10;6824;9.22015;7.64001;0.832928;5;combo
BPPC_3_0_10.txt_0.5.bz2;1106;12;2229366;9.86579;8.40982;0.861973;3303;combo
BPPC_2_0_6.txt_0.2.bz2;2118;25;99215491;20.1264;18.486;0.922513;157554;combo
BPPC_5_0_10.txt_0.7.bz2;2018;6;68;4.966;3.0697;0.622839;0;combo
BPPC_5_0_1.txt_0.3.bz2;4357;12;684;9.19448;7.39159;0.792734;1;combo
BPPC_2_0_4.txt_0.5.bz2;998;12;39601;9.11355;7.64323;0.846482;57;combo
BPPC_4_0_1.txt_0.5.bz2;1278;14;154996822;10.9493;9.51444;0.877742;311554;combo
BPPC_3_0_3.txt_0.6.bz2;943;10;197697;8.27076;6.89531;0.843134;299;combo
BPPC_4_0_6.txt_0.4.bz2;0;0;0;0.0;0.0;0.0;0;combo
BPPC_6_0_10.txt_0.3.bz2;5565;14;24626;11.4414;9.81775;0.863299;21;combo
BPPC_8_0_10.txt_0.4.bz2;6336;16;36406657;12.3773;10.8541;0.88513;60810;combo
BPPC_5_0_8.txt_0.2.bz2;5538;15;878;11.1145;9.25565;0.816578;0;combo
BPPC_7_0_3.txt_0.9.bz2;1772;4;276;4.23348;2.90742;0.688746;13;combo
BPPC_7_0_2.txt_0.3.bz2;7088;17;3524677;14.3711;12.7649;0.894998;4615;combo
BPPC_4_0_7.txt_0.2.bz2;0;0;0;0.0;0.0;0.0;0;combo
BPPC_7_0_3.txt_0.6.bz2;3570;9;9911;7.57405;6.14523;0.821038;14;combo
BPPC_8_0_1.txt_0.2.bz2;0;0;0;0.0;0.0;0.0;0;combo
BPPC_3_0_2.txt_0.7.bz2;705;8;41871;6.49683;5.14172;0.800893;75;combo
BPPC_4_0_3.txt_0.5.bz2;1298;14;153595213;11.0042;9.57073;0.878559;311455;combo
BPPC_1_0_1.txt_0.2.bz2;1601;20;90429;16.2586;14.6033;0.900935;89;combo
BPPC_5_0_4.txt_0.7.bz2;1904;5;77;4.74118;3.03292;0.649084;0;combo
BPPC_1_0_10.txt_0.5.bz2;729;8;2805;7.41696;5.87662;0.80057;2;combo
BPPC_5_0_6.txt_0.7.bz2;1836;5;79;4.91138;3.15015;0.651342;0;combo
BPPC_5_0_6.txt_0.9.bz2;1317;3;34;3.82979;1.84156;0.50135;0;combo
BPPC_7_0_1.txt_0.3.bz2;7183;19;3021872;14.3937;12.8044;0.896044;3977;combo
BPPC_4_0_3.txt_0.8.bz2;670;7;63086;5.95222;4.70731;0.796394;209;combo
BPPC_4_0_8.txt_0.2.bz2;0;0;0;0.0;0.0;0.0;0;combo
BPPC_5_0_6.txt_0.8.bz2;1651;4;48;4.15786;2.35587;0.572672;0;combo
BPPC_1_0_2.txt_0.9.bz2;301;3;95;3.84896;2.52604;0.662989;1;combo
BPPC_2_0_6.txt_0.6.bz2;790;8;10938;7.41736;5.98464;0.81633;14;combo
BPPC_4_0_6.txt_0.6.bz2;1069;12;6128594;9.05774;7.68589;0.8573;10872;combo
BPPC_6_0_3.txt_0.4.bz2;4233;11;6426;9.24951;7.67268;0.836659;5;combo
BPPC_2_0_9.txt_0.8.bz2;530;6;1233;4.8464;3.47664;0.727434;7;combo
BPPC_7_0_1.txt_0.6.bz2;3542;9;11292;7.36606;5.9327;0.815753;17;combo
BPPC_4_0_10.txt_0.9.bz2;518;5;7403;4.45133;3.26476;0.739545;164;combo
BPPC_3_0_10.txt_0.4.bz2;1386;15;36469553;12.3792;10.8649;0.885737;60545;combo
BPPC_3_0_10.txt_0.7.bz2;690;8;45257;6.39512;5.03887;0.797958;74;combo
BPPC_8_0_6.txt_0.8.bz2;2772;7;7013;5.51575;4.28877;0.786352;44;combo
BPPC_6_0_8.txt_0.2.bz2;7903;20;99545;16.4815;14.815;0.902929;102;combo
BPPC_4_0_7.txt_0.9.bz2;520;5;7519;4.43616;3.24459;0.737566;167;combo
BPPC_4_0_2.txt_0.8.bz2;670;7;63325;5.95191;4.71186;0.796846;217;combo
BPPC_3_0_3.txt_0.3.bz2;0;0;0;0.0;0.0;0.0;0;combo
BPPC_5_0_2.txt_0.8.bz2;1524;4;71;4.07416;2.29042;0.57508;0;combo
BPPC_7_0_8.txt_0.9.bz2;1743;4;308;4.21796;2.88048;0.686548;9;combo
BPPC_5_0_9.txt_0.6.bz2;2163;6;125;5.31162;3.6107;0.687985;0;combo
BPPC_6_0_2.txt_0.1.bz2;11871;32;276218;26.2766;24.5471;0.935466;379;combo
BPPC_3_0_3.txt_0.5.bz2;1101;12;2295396;9.80855;8.35497;0.861572;3400;combo
BPPC_3_0_7.txt_0.1.bz2;0;0;0;0.0;0.0;0.0;0;combo
BPPC_8_0_4.txt_0.7.bz2;3395;8;29198;6.96304;5.62726;0.816898;68;combo
BPPC_4_0_2.txt_0.9.bz2;497;5;9919;4.30964;3.13271;0.733697;168;combo
BPPC_5_0_3.txt_0.2.bz2;6042;17;435;12.708;10.6096;0.812907;0;combo
BPPC_2_0_6.txt_0.4.bz2;1241;14;285868;11.1971;9.67525;0.872683;349;combo
BPPC_7_0_6.txt_0.3.bz2;7233;18;2200325;14.8229;13.2307;0.898833;3100;combo
BPPC_7_0_6.txt_0.6.bz2;3675;9;9801;7.58996;6.15793;0.820856;14;combo
BPPC_2_0_9.txt_0.2.bz2;2170;27;74233514;20.4839;18.833;0.923493;125405;combo
BPPC_1_0_9.txt_0.1.bz2;2680;32;286696;27.2465;25.4987;0.93702;391;combo
BPPC_5_0_7.txt_0.7.bz2;1938;5;79;4.84857;2.98452;0.629817;0;combo
BPPC_5_0_1.txt_0.7.bz2;2226;5;60;5.27909;3.3928;0.645017;1;combo
BPPC_6_0_9.txt_0.8.bz2;1898;5;164;4.87421;3.40449;0.709065;1;combo
BPPC_7_0_1.txt_0.9.bz2;1907;4;285;4.26683;2.94931;0.694418;8;combo
BPPC_7_0_5.txt_0.6.bz2;3465;8;13523;7.17568;5.73955;0.810629;18;combo
BPPC_7_0_9.txt_0.6.bz2;3600;9;12099;7.27603;5.84254;0.812655;29;combo
BPPC_3_0_1.txt_0.4.bz2;1374;14;33319181;12.5725;11.057;0.887485;57412;combo
BPPC_1_0_9.txt_0.3.bz2;1212;14;17858;12.0168;10.3977;0.871233;15;combo
BPPC_8_0_3.txt_0.2.bz2;0;0;0;0.0;0.0;0.0;0;combo
BPPC_1_0_8.txt_0.5.bz2;743;9;2129;7.61693;6.0685;0.804935;3;combo
BPPC_8_0_10.txt_0.1.bz2;0;0;0;0.0;0.0;0.0;0;combo
BPPC_6_0_6.txt_0.3.bz2;5563;14;21152;12.0847;10.4394;0.869365;18;combo
BPPC_3_0_1.txt_0.1.bz2;0;0;0;0.0;0.0;0.0;0;combo
BPPC_4_0_10.txt_0.4.bz2;0;0;0;0.0;0.0;0.0;0;combo
BPPC_7_0_1.txt_0.8.bz2;2295;6;1081;4.97941;3.62358;0.736334;8;combo
BPPC_5_0_10.txt_0.4.bz2;3657;9;310;7.53727;5.56361;0.723757;0;combo
BPPC_2_0_1.txt_0.6.bz2;779;9;11552;7.28933;5.8559;0.812383;14;combo
BPPC_1_0_3.txt_0.5.bz2;825;10;1325;8.17634;6.6514;0.818165;1;combo
BPPC_4_0_5.txt_0.1.bz2;0;0;0;0.0;0.0;0.0;0;combo
BPPC_3_0_7.txt_0.3.bz2;0;0;0;0.0;0.0;0.0;0;combo
BPPC_2_0_6.txt_0.1.bz2;0;0;0;0.0;0.0;0.0;0;combo
BPPC_4_0_3.txt_0.9.bz2;484;5;10471;4.29197;3.11397;0.732495;162;combo
BPPC_7_0_6.txt_0.1.bz2;0;0;0;0.0;0.0;0.0;0;combo
BPPC_6_0_1.txt_0.6.bz2;2757;7;1148;6.18407;4.67378;0.764931;2;combo
BPPC_8_0_4.txt_0.5.bz2;5207;12;1927081;10.056;8.59698;0.864127;2828;combo
BPPC_7_0_2.txt_0.6.bz2;3562;10;12659;7.19422;5.7585;0.810488;15;combo
BPPC_7_0_4.txt_0.4.bz2;5378;13;326862;11.0117;9.46993;0.868561;367;combo
BPPC_1_0_3.txt_0.1.bz2;2492;32;444105;24.9189;23.1854;0.931283;525;combo
BPPC_1_0_5.txt_0.7.bz2;534;6;384;5.42498;3.97148;0.739032;2;combo
BPPC_6_0_5.txt_0.3.bz2;5560;14;29135;11.4304;9.80409;0.863316;22;combo
BPPC_7_0_7.txt_0.4.bz2;5474;13;286022;11.161;9.61594;0.870051;332;combo
BPPC_1_0_8.txt_0.7.bz2;499;5;570;5.05653;3.56479;0.713347;1;combo
BPPC_7_0_5.txt_0.3.bz2;7186;18;3413276;14.3766;12.778;0.895385;4443;combo
BPPC_5_0_2.txt_0.9.bz2;1393;4;35;3.63042;2.02958;0.577056;1;combo
BPPC_3_0_2.txt_0.1.bz2;0;0;0;0.0;0.0;0.0;0;combo
BPPC_4_0_4.txt_0.7.bz2;850;9;660902;7.08022;5.77988;0.826234;970;combo
BPPC_1_0_8.txt_0.2.bz2;1600;20;102640;16.2161;14.5457;0.901585;99;combo
BPPC_7_0_3.txt_0.2.bz2;9941;24;76127296;20.4609;18.8036;0.923137;125178;combo
BPPC_3_0_2.txt_0.4.bz2;1404;15;32085013;12.6197;11.1089;0.888226;55258;combo
BPPC_3_0_1.txt_0.9.bz2;449;5;1172;4.4576;3.13636;0.711001;34;combo
BPPC_2_0_2.txt_0.3.bz2;1489;16;4445374;14.0267;12.4324;0.892967;5442;combo
BPPC_4_0_10.txt_0.5.bz2;1264;13;164481174;10.8764;9.44239;0.876963;325641;combo
BPPC_4_0_6.txt_0.1.bz2;0;0;0;0.0;0.0;0.0;0;combo
BPPC_2_0_6.txt_0.5.bz2;991;11;49309;8.9365;7.46379;0.844391;55;combo
BPPC_8_0_4.txt_0.2.bz2;0;0;0;0.0;0.0;0.0;0;combo
BPPC_2_0_5.txt_0.4.bz2;1201;13;309118;11.0769;9.54592;0.869853;350;combo
BPPC_2_0_3.txt_0.2.bz2;2143;25;83093497;20.2978;18.65;0.922909;129688;combo
BPPC_7_0_7.txt_0.3.bz2;6923;19;4273015;13.9583;12.3559;0.89207;5311;combo
BPPC_8_0_6.txt_0.2.bz2;0;0;0;0.0;0.0;0.0;0;combo
BPPC_3_0_7.txt_0.4.bz2;1446;15;30748742;12.6844;11.1689;0.888428;53691;combo
BPPC_2_0_7.txt_0.1.bz2;0;0;0;0.0;0.0;0.0;0;combo
BPPC_7_0_6.txt_0.5.bz2;4261;10;47351;9.00401;7.52698;0.845921;56;combo
BPPC_5_0_4.txt_0.5.bz2;2711;7;220;6.19981;4.53751;0.735974;0;combo
BPPC_2_0_3.txt_0.1.bz2;0;0;0;0.0;0.0;0.0;0;combo
BPPC_7_0_4.txt_0.7.bz2;2830;7;3990;5.91611;4.52389;0.774307;8;combo
BPPC_2_0_4.txt_0.1.bz2;0;0;0;0.0;0.0;0.0;0;combo
BPPC_6_0_9.txt_0.4.bz2;4352;10;5281;9.46862;7.8927;0.840121;6;combo
BPPC_8_0_10.txt_0.9.bz2;1998;5;1440;4.31267;3.00436;0.70412;36;combo
BPPC_3_0_3.txt_0.7.bz2;758;8;29128;6.92537;5.59165;0.815144;60;combo
BPPC_1_0_1.txt_0.4.bz2;947;11;7676;8.98562;7.42094;0.83129;5;combo
BPPC_5_0_5.txt_0.8.bz2;1710;4;38;4.52416;2.8215;0.633868;0;combo
BPPC_2_0_1.txt_0.7.bz2;649;7;3051;6.24976;4.90341;0.793195;7;combo
BPPC_6_0_7.txt_0.1.bz2;12422;32;156210;27.1567;25.4281;0.937128;232;combo
BPPC_6_0_6.txt_0.2.bz2;7829;21;94931;16.0585;14.3749;0.898885;93;combo
BPPC_1_0_10.txt_0.6.bz2;601;8;1028;6.26416;4.77871;0.77028;2;combo
BPPC_6_0_2.txt_0.9.bz2;1529;4;60;4.02656;2.57705;0.655638;2;combo
BPPC_7_0_9.txt_0.1.bz2;0;0;0;0.0;0.0;0.0;0;combo
BPPC_3_0_9.txt_0.3.bz2;0;0;0;0.0;0.0;0.0;0;combo
BPPC_2_0_4.txt_0.4.bz2;1199;14;285946;11.2609;9.72749;0.87208;354;combo
BPPC_2_0_5.txt_0.1.bz2;0;0;0;0.0;0.0;0.0;0;combo
BPPC_6_0_2.txt_0.4.bz2;4331;11;7965;9.27421;7.70094;0.838641;7;combo
BPPC_7_0_5.txt_0.7.bz2;3306;8;2721;6.28212;4.93543;0.794211;7;combo
BPPC_7_0_3.txt_0.8.bz2;2229;5;1113;4.98416;3.65064;0.742922;10;combo
BPPC_1_0_10.txt_0.2.bz2;1676;20;71659;17.2864;15.6436;0.908897;73;combo
BPPC_3_0_3.txt_0.8.bz2;567;6;8500;5.34556;4.10649;0.776172;39;combo
BPPC_8_0_5.txt_0.1.bz2;0;0;0;0.0;0.0;0.0;0;combo
BPPC_1_0_9.txt_0.8.bz2;433;5;150;4.77022;3.26727;0.689806;2;combo
BPPC_7_0_4.txt_0.1.bz2;0;0;0;0.0;0.0;0.0;0;combo
BPPC_1_0_6.txt_0.6.bz2;611;6;1045;6.20727;4.70838;0.767636;2;combo
BPPC_6_0_7.txt_0.7.bz2;2282;6;394;5.42497;3.9027;0.731704;1;combo
BPPC_6_0_8.txt_0.3.bz2;5707;15;20302;11.9574;10.3352;0.870004;17;combo
BPPC_7_0_3.txt_0.7.bz2;2838;7;3358;6.10785;4.74305;0.785698;8;combo
BPPC_8_0_6.txt_0.5.bz2;5134;12;2150604;9.93817;8.4782;0.862666;3235;combo
BPPC_4_0_8.txt_0.7.bz2;823;9;705271;7.0192;5.72024;0.82507;1013;combo
BPPC_4_0_5.txt_0.6.bz2;994;11;9212863;8.51347;7.12855;0.847299;14039;combo
BPPC_5_0_9.txt_0.2.bz2;6118;16;812;11.8913;9.91458;0.808084;0;combo
BPPC_1_0_10.txt_0.7.bz2;534;6;346;5.51739;4.06077;0.744311;1;combo
BPPC_6_0_8.txt_0.6.bz2;3105;7;739;6.5538;5.04204;0.774494;2;combo
BPPC_8_0_9.txt_0.1.bz2;0;0;0;0.0;0.0;0.0;0;combo
BPPC_3_0_4.txt_0.8.bz2;581;6;8576;5.351;4.1032;0.775257;39;combo
BPPC_6_0_5.txt_0.9.bz2;1476;4;126;3.73466;2.3557;0.640571;2;combo
BPPC_2_0_5.txt_0.7.bz2;617;7;3501;6.12417;4.76684;0.787896;8;combo
BPPC_7_0_10.txt_0.2.bz2;9695;25;109043061;20.0018;18.3351;0.920944;170650;combo
BPPC_2_0_5.txt_0.3.bz2;1515;19;3610954;14.2009;12.6146;0.894809;4581;combo
BPPC_3_0_4.txt_0.3.bz2;0;0;0;0.0;0.0;0.0;0;combo
BPPC_1_0_5.txt_0.4.bz2;981;11;6298;9.14071;7.56908;0.834312;6;combo
BPPC_7_0_8.txt_0.3.bz2;6977;18;3516578;14.2983;12.7028;0.895039;4462;combo
BPPC_5_0_9.txt_0.5.bz2;3015;8;213;6.22604;4.36848;0.698468;0;combo
BPPC_7_0_5.txt_0.1.bz2;0;0;0;0.0;0.0;0.0;0;combo
BPPC_6_0_3.txt_0.5.bz2;3688;9;1991;7.87505;6.3493;0.813779;2;combo
BPPC_6_0_3.txt_0.1.bz2;11409;32;846111;25.5722;23.8349;0.933514;1005;combo
BPPC_2_0_2.txt_0.8.bz2;516;6;1133;4.96216;3.6071;0.737833;8;combo
BPPC_2_0_8.txt_0.6.bz2;793;9;12714;7.23012;5.79325;0.810582;15;combo
BPPC_8_0_7.txt_0.6.bz2;4219;10;233209;8.14391;6.75501;0.839826;317;combo
BPPC_7_0_7.txt_0.9.bz2;1801;4;308;4.19819;2.89646;0.693505;8;combo
BPPC_2_0_7.txt_0.6.bz2;791;8;11355;7.33583;5.90846;0.815123;15;combo
BPPC_7_0_8.txt_0.1.bz2;0;0;0;0.0;0.0;0.0;0;combo
BPPC_8_0_3.txt_0.9.bz2;2163;5;1312;4.28092;3.01538;0.707005;38;mcqdw
BPPC_8_0_1.txt_0.1.bz2;0;0;0;0.0;0.0;0.0;0;mcqdw
BPPC_1_0_8.txt_0.1.bz2;2600;33;393089;24.7298;23.029;0.931726;487;mcqdw
BPPC_4_0_4.txt_0.4.bz2;0;0;0;0.0;0.0;0.0;0;mcqdw
BPPC_5_0_7.txt_0.1.bz2;8476;24;1163;15.9938;13.9342;0.836454;1;mcqdw
BPPC_6_0_7.txt_0.9.bz2;1475;4;76;4.06632;2.5659;0.638898;1;mcqdw
BPPC_1_0_4.txt_0.5.bz2;778;10;2644;7.40757;5.88602;0.802649;4;mcqdw
BPPC_5_0_5.txt_0.1.bz2;7776;22;2478;15.7469;13.8923;0.868555;1;mcqdw
BPPC_6_0_5.txt_0.5.bz2;3709;9;1623;8.08494;6.5478;0.815063;1;mcqdw
BPPC_8_0_9.txt_0.8.bz2;2667;7;8531;5.38015;4.14087;0.778279;44;mcqdw
BPPC_2_0_8.txt_0.2.bz2;2147;24;137312955;19.6213;17.9721;0.920135;205184;mcqdw
BPPC_6_0_8.txt_0.9.bz2;1407;3;98;3.86541;2.4815;0.65449;1;mcqdw
BPPC_3_0_4.txt_0.4.bz2;1412;15;34289443;12.5173;11.0013;0.887039;57791;mcqdw
BPPC_8_0_5.txt_0.7.bz2;3256;8;39266;6.58999;5.2326;0.803792;72;mcqdw
BPPC_5_0_8.txt_0.9.bz2;1267;3;35;3.64214;2.01831;0.56583;1;mcqdw
BPPC_5_0_5.txt_0.7.bz2;2078;5;86;4.87916;3.12849;0.650928;0;mcqdw
BPPC_7_0_8.txt_0.8.bz2;2382;5;901;5.13206;3.78236;0.746655;12;mcqdw
BPPC_5_0_1.txt_0.8.bz2;1760;4;58;4.14562;2.39426;0.581586;0;mcqdw
BPPC_5_0_7.txt_0.3.bz2;4566;12;722;8.94649;7.10551;0.787943;0;mcqdw
BPPC_6_0_7.txt_0.6.bz2;2968;7;869;6.4791;4.99237;0.779292;1;mcqdw
BPPC_8_0_3.txt_0.7.bz2;3370;8;32619;6.79236;5.44721;0.810382;65;mcqdw
BPPC_4_0_9.txt_0.2.bz2;0;0;0;0.0;0.0;0.0;0;mcqdw
BPPC_7_0_10.txt_0.1.bz2;0;0;0;0.0;0.0;0.0;0;mcqdw
BPPC_5_0_9.txt_0.3.bz2;4280;12;1019;9.0093;7.27547;0.798491;0;mcqdw
BPPC_5_0_3.txt_0.8.bz2;1656;4;68;3.95374;2.2932;0.583438;1;mcqdw
BPPC_6_0_8.txt_0.5.bz2;3695;9;1508;8.25053;6.71797;0.820051;1;mcqdw
BPPC_1_0_7.txt_0.9.bz2;347;4;62;4.08635;2.57894;0.642392;1;mcqdw
BPPC_3_0_9.txt_0.5.bz2;1055;12;2655968;9.52633;8.0654;0.856458;3630;mcqdw
BPPC_7_0_2.txt_0.9.bz2;1808;4;284;4.29838;2.95935;0.690738;6;mcqdw
BPPC_7_0_4.txt_0.8.bz2;2434;6;1100;4.93993;3.59411;0.736509;7;mcqdw
BPPC_4_0_5.txt_0.5.bz2;1268;14;164177207;10.8683;9.43213;0.876669;317120;mcqdw
BPPC_6_0_1.txt_0.1.bz2;11901;33;224481;26.831;25.1187;0.937546;318;mcqdw
BPPC_5_0_9.txt_0.8.bz2;1811;4;53;4.28947;2.5905;0.612241;0;mcqdw
BPPC_3_0_8.txt_0.9.bz2;443;5;1311;4.36558;3.05209;0.707222;43;mcqdw
BPPC_5_0_3.txt_0.9.bz2;1314;3;32;3.57778;2.13636;0.609091;0;mcqdw
BPPC_6_0_4.txt_0.3.bz2;5708;14;13808;12.4522;10.8468;0.8771;13;mcqdw
BPPC_8_0_10.txt_0.6.bz2;4026;10;275152;7.90818;6.51246;0.833992;351;mcqdw
BPPC_6_0_6.txt_0.9.bz2;1642;4;72;4.01023;2.41602;0.619544;1;mcqdw
BPPC_5_0_7.txt_0.6.bz2;2495;6;149;5.26467;3.52103;0.670182;0;mcqdw
BPPC_4_0_9.txt_0.4.bz2;0;0;0;0.0;0.0;0.0;0;mcqdw
BPPC_4_0_1.txt_0.6.bz2;1025;11;8147248;8.67171;7.29013;0.85034;12931;mcqdw
BPPC_8_0_5.txt_0.9.bz2;2163;5;1033;4.467;3.19411;0.717275;40;mcqdw
BPPC_2_0_10.txt_0.8.bz2;545;6;885;5.11545;3.75524;0.743631;7;mcqdw
BPPC_4_0_7.txt_0.8.bz2;635;7;72912;5.75884;4.49297;0.786073;220;mcqdw
BPPC_3_0_5.txt_0.7.bz2;720;8;40019;6.52998;5.17833;0.802463;73;mcqdw
BPPC_7_0_8.txt_0.2.bz2;10144;25;73383997;20.8762;19.2205;0.924679;119477;mcqdw
BPPC_4_0_3.txt_0.7.bz2;826;9;682641;7.0398;5.73987;0.825396;991;mcqdw
BPPC_3_0_10.txt_0.9.bz2;456;5;1105;4.45917;3.16187;0.713004;37;mcqdw
BPPC_3_0_5.txt_0.9.bz2;455;5;1272;4.36354;3.06378;0.707314;39;mcqdw
BPPC_2_0_1.txt_0.3.bz2;1534;18;2809811;14.7866;13.2004;0.898979;3681;mcqdw
BPPC_6_0_2.txt_0.8.bz2;2048;5;162;4.77198;3.27352;0.692051;2;mcqdw
BPPC_7_0_5.txt_0.2.bz2;9764;26;143143637;19.3372;17.6902;0.918979;208273;mcqdw
BPPC_8_0_9.txt_0.4.bz2;6481;16;32314162;12.5391;11.0216;0.88705;54373;mcqdw
BPPC_1_0_9.txt_0.7.bz2;541;6;412;5.37239;3.85499;0.726917;1;mcqdw
BPPC_8_0_3.txt_0.6.bz2;4123;10;243588;8.05266;6.6638;0.837782;331;mcqdw
BPPC_3_0_4.txt_0.7.bz2;768;8;30636;6.83774;5.49911;0.812158;66;mcqdw
BPPC_7_0_2.txt_0.1.bz2;0;0;0;0.0;0.0;0.0;0;mcqdw
BPPC_1_0_1.txt_0.3.bz2;1211;15;13517;12.5439;10.9431;0.876364;13;mcqdw
BPPC_8_0_3.txt_0.1.bz2;0;0;0;0.0;0.0;0.0;0;mcqdw
BPPC_6_0_8.txt_0.1.bz2;11501;32;499605;26.2996;24.5805;0.936036;657;mcqdw
BPPC_3_0_7.txt_0.7.bz2;726;7;41054;6.4981;5.14589;0.801123;75;mcqdw
BPPC_8_0_4.txt_0.3.bz2;0;0;0;0.0;0.0;0.0;0;mcqdw
BPPC_1_0_10.txt_0.4.bz2;939;11;4556;9.9181;8.36584;0.850143;4;mcqdw
BPPC_3_0_1.txt_0.8.bz2;562;6;8355;5.38174;4.15387;0.780488;43;mcqdw
BPPC_7_0_7.txt_0.5.bz2;4585;11;38036;9.38524;7.91779;0.853147;51;mcqdw
BPPC_2_0_2.txt_0.1.bz2;0;0;0;0.0;0.0;0.0;0;mcqdw
BPPC_7_0_6.txt_0.9.bz2;1703;4;299;4.19565;2.87511;0.689409;9;mcqdw
BPPC_2_0_6.txt_0.7.bz2;656;7;2921;6.257;4.89629;0.790963;9;mcqdw
BPPC_4_0_2.txt_0.2.bz2;0;0;0;0.0;0.0;0.0;0;mcqdw
BPPC_4_0_7.txt_0.1.bz2;0;0;0;0.0;0.0;0.0;0;mcqdw
BPPC_2_0_4.txt_0.2.bz2;2141;26;94211667;20.2197;18.5803;0.922909;149633;mcqdw
BPPC_8_0_3.txt_0.4.bz2;6542;17;32111805;12.6092;11.089;0.887521;55311;mcqdw
BPPC_5_0_5.txt_0.9.bz2;1298;3;31;3.69937;2.19563;0.602839;0;mcqdw
BPPC_6_0_10.txt_0.6.bz2;3072;8;849;6.56187;5.08147;0.784444;2;mcqdw
BPPC_7_0_1.txt_0.4.bz2;5485;14;393074;10.7965;9.25266;0.865672;421;mcqdw
BPPC_1_0_7.txt_0.5.bz2;762;9;2315;7.44735;5.90584;0.7981;2;mcqdw
BPPC_8_0_8.txt_0.8.bz2;2716;6;7899;5.4151;4.18478;0.781161;44;mcqdw
BPPC_1_0_4.txt_0.8.bz2;496;5;230;4.45362;2.9564;0.674731;2;mcqdw
BPPC_5_0_4.txt_0.4.bz2;3350;9;464;7.27651;5.49756;0.750873;0;mcqdw
BPPC_7_0_5.txt_0.8.bz2;2326;6;1276;4.83326;3.52266;0.738479;7;mcqdw
BPPC_1_0_4.txt_0.4.bz2;988;11;5213;9.57131;7.99605;0.841412;5;mcqdw
BPPC_6_0_3.txt_0.2.bz2;7652;21;61169;16.8618;15.1913;0.904567;57;mcqdw
BPPC_2_0_4.txt_0.3.bz2;1562;18;2470532;14.8861;13.2983;0.899498;3219;mcqdw
BPPC_8_0_7.txt_0.2.bz2;0;0;0;0.0;0.0;0.0;0;mcqdw
BPPC_5_0_4.txt_0.9.bz2;1215;3;36;3.52514;1.92189;0.566872;0;mcqdw
BPPC_4_0_3.txt_0.2.bz2;0;0;0;0.0;0.0;0.0;0;mcqdw
BPPC_1_0_2.txt_0.2.bz2;1570;20;100994;16.1478;14.4796;0.901212;94;mcqdw
BPPC_3_0_4.txt_0.9.bz2;453;5;1279;4.29571;3.01933;0.706281;39;mcqdw
BPPC_7_0_4.txt_0.6.bz2;3449;8;13467;7.08679;5.64573;0.806748;16;mcqdw
BPPC_7_0_6.txt_0.7.bz2;3330;8;2040;6.57921;5.23579;0.803669;10;mcqdw
BPPC_8_0_7.txt_0.4.bz2;6459;15;31319424;12.6773;11.157;0.888173;52208;mcqdw
BPPC_2_0_8.txt_0.9.bz2;411;4;312;4.18812;2.80133;0.673547;9;mcqdw
BPPC_5_0_4.txt_0.2.bz2;6262;17;717;11.5132;9.5538;0.804558;0;mcqdw
BPPC_1_0_8.txt_0.8.bz2;431;4;177;4.6548;3.17243;0.684385;4;mcqdw
BPPC_2_0_3.txt_0.3.bz2;1487;17;4067606;14.0363;12.4407;0.893196;4946;mcqdw
BPPC_1_0_7.txt_0.1.bz2;2540;31;500852;26.2116;24.4843;0.935309;650;mcqdw
BPPC_3_0_3.txt_0.9.bz2;433;5;1456;4.23709;2.93111;0.6999;39;mcqdw
BPPC_4_0_1.txt_0.3.bz2;0;0;0;0.0;0.0;0.0;0;mcqdw
BPPC_6_0_9.txt_0.9.bz2;1569;4;72;4.07595;2.59115;0.648337;1;mcqdw
BPPC_8_0_6.txt_0.4.bz2;6447;15;35381975;12.4907;10.9702;0.886452;58585;mcqdw
BPPC_7_0_5.txt_0.4.bz2;5608;14;319340;11.0191;9.48231;0.868914;360;mcqdw
BPPC_1_0_3.txt_0.9.bz2;337;4;80;4.04678;2.34944;0.587773;1;mcqdw
BPPC_5_0_3.txt_0.4.bz2;3491;9;396;7.74207;5.96809;0.767888;0;mcqdw
BPPC_7_0_1.txt_0.7.bz2;3038;7;3471;6.04172;4.67681;0.782592;8;mcqdw
BPPC_5_0_7.txt_0.9.bz2;1249;3;35;3.59395;1.94218;0.55871;0;mcqdw
BPPC_1_0_5.txt_0.8.bz2;418;5;264;4.33381;2.77687;0.656403;1;mcqdw
BPPC_1_0_6.txt_0.2.bz2;1538;20;227105;15.4495;13.7885;0.896702;181;mcqdw
BPPC_7_0_10.txt_0.6.bz2;3585;9;12553;7.19041;5.7429;0.808608;16;mcqdw
BPPC_5_0_1.txt_0.9.bz2;1267;3;32;3.57576;2.13499;0.609045;0;mcqdw
BPPC_5_0_7.txt_0.8.bz2;1550;4;60;4.19477;2.40491;0.586372;0;mcqdw
BPPC_6_0_9.txt_0.6.bz2;3034;7;948;6.31773;4.81058;0.767554;1;mcqdw
BPPC_5_0_10.txt_0.6.bz2;2221;6;134;5.39102;3.64807;0.682492;3;mcqdw
BPPC_3_0_2.txt_0.5.bz2;1092;12;2331746;9.74407;8.29063;0.860442;3222;mcqdw
BPPC_1_0_5.txt_0.3.bz2;1291;14;24896;11.4953;9.88135;0.864222;19;mcqdw
BPPC_3_0_2.txt_0.9.bz2;437;5;1229;4.37876;3.09381;0.711288;39;mcqdw
BPPC_2_0_3.txt_0.7.bz2;692;7;2980;6.15142;4.7727;0.783495;7;mcqdw
BPPC_6_0_1.txt_0.5.bz2;3837;9;1683;7.98288;6.45537;0.815508;4;mcqdw
BPPC_7_0_2.txt_0.2.bz2;9659;26;146349111;19.7642;18.1118;0.920578;213984;mcqdw
BPPC_5_0_1.txt_0.2.bz2;5574;16;1089;12.7213;10.9261;0.854614;0;mcqdw
BPPC_6_0_1.txt_0.2.bz2;7404;21;103872;16.084;14.4079;0.899806;96;mcqdw
BPPC_6_0_5.txt_0.6.bz2;3116;8;860;6.35259;4.85411;0.769522;1;mcqdw
BPPC_4_0_6.txt_0.7.bz2;824;9;750881;6.94183;5.64099;0.82264;1004;mcqdw
BPPC_1_0_1.txt_0.1.bz2;2524;33;1094111;23.5165;21.8084;0.928594;1150;mcqdw
BPPC_3_0_7.txt_0.5.bz2;1139;12;2291627;9.80883;8.34862;0.860829;3191;mcqdw
BPPC_7_0_5.txt_0.5.bz2;4568;11;33647;9.49775;8.03966;0.856099;43;mcqdw
BPPC_7_0_9.txt_0.2.bz2;9986;25;100884646;20.197;18.5468;0.92246;154700;mcqdw
BPPC_2_0_1.txt_0.4.bz2;1128;14;379205;10.8449;9.30864;0.867085;407;mcqdw
BPPC_8_0_3.txt_0.5.bz2;5009;12;2233139;9.86;8.39918;0.861655;3251;mcqdw
BPPC_8_0_2.txt_0.5.bz2;5080;12;2231910;9.83758;8.37528;0.860941;3208;mcqdw
BPPC_6_0_2.txt_0.5.bz2;3424;10;2008;7.86861;6.3433;0.815287;2;mcqdw
BPPC_1_0_6.txt_0.7.bz2;500;6;529;5.23391;3.72734;0.720214;1;mcqdw
BPPC_8_0_7.txt_0.7.bz2;3420;8;32423;6.83035;5.48582;0.811874;70;mcqdw
BPPC_6_0_4.txt_0.7.bz2;2318;6;444;5.36486;3.91497;0.741763;2;mcqdw
BPPC_4_0_4.txt_0.8.bz2;662;7;67967;5.84848;4.59243;0.790944;214;mcqdw
BPPC_5_0_2.txt_0.6.bz2;2432;6;105;6.0756;4.19078;0.688109;0;mcqdw
BPPC_2_0_9.txt_0.5.bz2;965;11;55647;8.75191;7.2739;0.840331;59;mcqdw
BPPC_5_0_3.txt_0.6.bz2;2428;7;132;5.68696;3.87667;0.679102;0;mcqdw
BPPC_3_0_6.txt_0.8.bz2;587;6;7953;5.42984;4.19252;0.780766;40;mcqdw
BPPC_3_0_7.txt_0.8.bz2;572;6;8531;5.38612;4.14842;0.77873;40;mcqdw
BPPC_3_0_5.txt_0.3.bz2;0;0;0;0.0;0.0;0.0;0;mcqdw
BPPC_8_0_1.txt_0.4.bz2;6520;15;41037096;12.2623;10.7417;0.884268;65226;mcqdw
BPPC_5_0_8.txt_0.1.bz2;8225;23;1567;16.8344;14.9312;0.862054;1;mcqdw
BPPC_8_0_10.txt_0.8.bz2;2567;6;9045;5.335;4.08947;0.775541;46;mcqdw
BPPC_8_0_5.txt_0.4.bz2;6348;16;37355751;12.3689;10.843;0.884928;60789;mcqdw
BPPC_2_0_1.txt_0.2.bz2;2119;24;101088918;20.159;18.5122;0.922303;156863;mcqdw
BPPC_3_0_1.txt_0.2.bz2;0;0;0;0.0;0.0;0.0;0;mcqdw
BPPC_8_0_5.txt_0.6.bz2;4106;10;252535;8.01095;6.62022;0.836607;333;mcqdw
BPPC_4_0_1.txt_0.8.bz2;659;7;59549;6.04714;4.81515;0.801883;214;mcqdw
BPPC_1_0_4.txt_0.3.bz2;1283;13;12111;12.3753;10.7516;0.871954;12;mcqdw
BPPC_6_0_7.txt_0.8.bz2;1914;5;226;4.49023;2.9529;0.666379;1;mcqdw
BPPC_2_0_8.txt_0.3.bz2;1660;19;2241651;15.0045;13.4228;0.900466;3009;mcqdw
BPPC_8_0_9.txt_0.3.bz2;0;0;0;0.0;0.0;0.0;0;mcqdw
BPPC_5_0_7.txt_0.5.bz2;2839;8;272;6.22044;4.46648;0.720129;0;mcqdw
BPPC_6_0_10.txt_0.7.bz2;2341;6;457;5.33098;3.82301;0.72704;1;mcqdw
BPPC_1_0_2.txt_0.8.bz2;448;5;212;4.43999;2.93398;0.66961;4;mcqdw
BPPC_5_0_5.txt_0.6.bz2;2649;7;110;5.53018;3.7128;0.675185;0;mcqdw
BPPC_5_0_3.txt_0.1.bz2;8264;23;421;18.874;16.5178;0.859123;0;mcqdw
BPPC_3_0_7.txt_0.9.bz2;462;5;1028;4.55995;3.26269;0.719568;42;mcqdw
BPPC_1_0_1.txt_0.8.bz2;423;5;168;4.62315;3.12937;0.687317;1;mcqdw
BPPC_2_0_10.txt_0.4.bz2;1191;14;362425;10.7963;9.25515;0.865567;389;mcqdw
BPPC_7_0_2.txt_0.8.bz2;2286;6;1204;4.85426;3.51871;0.733271;6;mcqdw
BPPC_8_0_6.txt_0.9.bz2;2153;5;1242;4.34971;3.05778;0.70808;40;mcqdw
BPPC_1_0_9.txt_0.9.bz2;340;4;99;3.96808;2.22053;0.579962;4;mcqdw
BPPC_4_0_1.txt_0.2.bz2;0;0;0;0.0;0.0;0.0;0;mcqdw
BPPC_8_0_2.txt_0.9.bz2;2031;5;1382;4.3158;3.01659;0.705286;39;mcqdw
BPPC_1_0_4.txt_0.1.bz2;2545;32;743987;25.5702;23.8698;0.935308;892;mcqdw
BPPC_6_0_4.txt_0.4.bz2;4530;12;5017;9.46742;7.87804;0.837316;4;mcqdw
BPPC_2_0_2.txt_0.7.bz2;693;8;2279;6.46699;5.13359;0.801309;7;mcqdw
BPPC_1_0_2.txt_0.3.bz2;1269;14;16487;12.3179;10.679;0.873361;14;mcqdw
BPPC_8_0_8.txt_0.5.bz2;5141;13;2003884;10.0026;8.54454;0.863909;2920;mcqdw
BPPC_7_0_3.txt_0.3.bz2;7694;20;2422531;14.7902;13.1912;0.898128;3175;mcqdw
BPPC_7_0_5.txt_0.9.bz2;1805;4;321;4.24114;2.81892;0.673431;6;mcqdw
BPPC_4_0_9.txt_0.6.bz2;1030;11;7949174;8.68397;7.30161;0.85044;12322;mcqdw
BPPC_3_0_9.txt_0.6.bz2;850;9;257110;7.95588;6.56762;0.835676;331;mcqdw
BPPC_6_0_9.txt_0.2.bz2;7452;20;124458;15.9606;14.281;0.898861;111;mcqdw
BPPC_1_0_3.txt_0.3.bz2;1308;15;16426;11.9476;10.3484;0.871417;14;mcqdw
BPPC_5_0_5.txt_0.2.bz2;6088;16;474;12.2806;10.1644;0.802539;0;mcqdw
BPPC_2_0_2.txt_0.5.bz2;921;10;55614;8.7768;7.30227;0.841506;57;mcqdw
BPPC_5_0_6.txt_0.2.bz2;5498;15;969;12.1797;10.3109;0.840815;0;mcqdw
BPPC_8_0_5.txt_0.8.bz2;2602;6;8313;5.42653;4.19959;0.782981;41;mcqdw
BPPC_7_0_6.txt_0.2.bz2;10048;26;65808421;20.7929;19.136;0.924336;107656;mcqdw
BPPC_4_0_6.txt_0.9.bz2;494;5;9683;4.32675;3.1503;0.73484;160;mcqdw
BPPC_1_0_9.txt_0.6.bz2;595;7;1428;5.82958;4.34213;0.750482;1;mcqdw
BPPC_7_0_6.txt_0.8.bz2;2395;6;964;5.0674;3.73298;0.746062;8;mcqdw
BPPC_5_0_8.txt_0.4.bz2;3238;9;340;7.6667;5.87398;0.762761;0;mcqdw
BPPC_8_0_10.txt_0.2.bz2;0;0;0;0.0;0.0;0.0;0;mcqdw
BPPC_6_0_9.txt_0.5.bz2;3486;9;2970;7.32105;5.76813;0.796055;3;mcqdw
BPPC_3_0_6.txt_0.4.bz2;1426;15;35537705;12.4541;10.9338;0.88598;58383;mcqdw
BPPC_1_0_10.txt_0.1.bz2;2411;32;703823;24.6547;22.9265;0.930747;858;mcqdw
BPPC_4_0_5.txt_0.3.bz2;0;0;0;0.0;0.0;0.0;0;mcqdw
BPPC_5_0_6.txt_0.3.bz2;4088;11;627;9.55908;7.77608;0.812652;0;mcqdw
BPPC_4_0_3.txt_0.1.bz2;0;0;0;0.0;0.0;0.0;0;mcqdw
BPPC_5_0_5.txt_0.5.bz2;2815;7;210;6.39998;4.56471;0.711655;0;mcqdw
BPPC_8_0_4.txt_0.9.bz2;1917;5;1620;4.20875;2.92681;0.702529;41;mcqdw
BPPC_3_0_8.txt_0.2.bz2;0;0;0;0.0;0.0;0.0;0;mcqdw
BPPC_2_0_5.txt_0.6.bz2;789;9;8905;7.72334;6.31207;0.827148;14;mcqdw
BPPC_2_0_8.txt_0.7.bz2;656;7;3565;6.0269;4.66171;0.782402;11;mcqdw
BPPC_2_0_7.txt_0.2.bz2;2102;25;134526323;19.3267;17.6773;0.918889;195639;mcqdw
BPPC_3_0_8.txt_0.6.bz2;997;10;229850;8.06917;6.68517;0.83808;314;mcqdw
BPPC_1_0_2.txt_0.5.bz2;760;9;2209;7.60431;6.05912;0.803796;3;mcqdw
BPPC_1_0_5.txt_0.5.bz2;787;9;1843;7.85451;6.29458;0.807475;2;mcqdw
BPPC_4_0_1.txt_0.7.bz2;796;9;762090;6.92118;5.6197;0.822101;1043;mcqdw
BPPC_3_0_4.txt_0.1.bz2;0;0;0;0.0;0.0;0.0;0;mcqdw
BPPC_4_0_5.txt_0.2.bz2;0;0;0;0.0;0.0;0.0;0;mcqdw
BPPC_1_0_6.txt_0.9.bz2;308;3;101;3.84261;2.41588;0.642961;1;mcqdw
BPPC_1_0_4.txt_0.2.bz2;1697;19;86314;16.475;14.835;0.903931;82;mcqdw
BPPC_4_0_8.txt_0.9.bz2;504;5;9632;4.3271;3.15193;0.735008;158;mcqdw
BPPC_4_0_7.txt_0.7.bz2;882;9;498172;7.40054;6.10406;0.834344;837;mcqdw
BPPC_4_0_3.txt_0.6.bz2;1049;11;7991352;8.67699;7.29603;0.850418;12716;mcqdw
BPPC_8_0_1.txt_0.6.bz2;4152;10;238901;8.08105;6.69634;0.838791;326;mcqdw
BPPC_5_0_9.txt_0.7.bz2;2157;6;63;5.16496;3.37455;0.65663;0;mcqdw
BPPC_3_0_9.txt_0.1.bz2;0;0;0;0.0;0.0;0.0;0;mcqdw
BPPC_8_0_5.txt_0.2.bz2;0;0;0;0.0;0.0;0.0;0;mcqdw
BPPC_7_0_2.txt_0.4.bz2;5493;14;275242;11.2582;9.72117;0.87185;325;mcqdw
BPPC_1_0_5.txt_0.2.bz2;1684;20;87082;16.4532;14.7992;0.902816;82;mcqdw
BPPC_6_0_8.txt_0.4.bz2;4594;12;4126;9.70127;8.10497;0.835812;4;mcqdw
BPPC_3_0_8.txt_0.8.bz2;579;6;8144;5.41137;4.17982;0.780626;43;mcqdw
BPPC_8_0_2.txt_0.1.bz2;0;0;0;0.0;0.0;0.0;0;mcqdw
BPPC_7_0_2.txt_0.5.bz2;4479;11;42942;9.07414;7.60008;0.846538;50;mcqdw
BPPC_6_0_4.txt_0.6.bz2;2804;7;852;6.45902;4.96807;0.780689;2;mcqdw
BPPC_2_0_1.txt_0.1.bz2;0;0;0;0.0;0.0;0.0;0;mcqdw
BPPC_5_0_5.txt_0.3.bz2;4477;12;437;8.91911;7.0166;0.771877;0;mcqdw
BPPC_3_0_4.txt_0.5.bz2;1121;12;2401308;9.69364;8.23669;0.859368;3374;mcqdw
BPPC_2_0_7.txt_0.3.bz2;1517;17;3243511;14.2424;12.6673;0.895833;4113;mcqdw
BPPC_3_0_9.txt_0.7.bz2;751;8;32581;6.73693;5.39762;0.808904;68;mcqdw
BPPC_8_0_4.txt_0.6.bz2;4025;9;257898;8.02817;6.63683;0.837275;346;mcqdw
BPPC_4_0_4.txt_0.5.bz2;1271;13;177711624;10.7459;9.30673;0.875098;336973;mcqdw
BPPC_1_0_6.txt_0.5.bz2;774;8;2445;7.46485;5.91754;0.800444;2;mcqdw
BPPC_4_0_9.txt_0.5.bz2;1296;14;137612776;11.1816;9.75153;0.880747;286639;mcqdw
BPPC_3_0_2.txt_0.3.bz2;0;0;0;0.0;0.0;0.0;0;mcqdw
BPPC_1_0_3.txt_0.8.bz2;412;4;176;4.60067;3.11028;0.684582;1;mcqdw
BPPC_4_0_1.txt_0.9.bz2;504;5;8628;4.38834;3.2035;0.736789;162;mcqdw
BPPC_8_0_6.txt_0.7.bz2;3323;8;43219;6.45881;5.09808;0.799026;82;mcqdw
BPPC_3_0_5.txt_0.8.bz2;579;6;7974;5.4012;4.17088;0.78055;42;mcqdw
BPPC_5_0_3.txt_0.5.bz2;2995;8;211;6.28953;4.5549;0.726151;0;mcqdw
BPPC_6_0_5.txt_0.7.bz2;2640;7;256;5.73558;4.13294;0.72228;1;mcqdw
BPPC_8_0_7.txt_0.8.bz2;2545;6;9112;5.31816;4.07597;0.775106;43;mcqdw
BPPC_1_0_5.txt_0.6.bz2;633;7;1028;6.37748;4.88658;0.774635;5;mcqdw
BPPC_8_0_10.txt_0.7.bz2;3359;8;36048;6.71036;5.35664;0.807081;73;mcqdw
BPPC_8_0_5.txt_0.3.bz2;0;0;0;0.0;0.0;0.0;0;mcqdw
BPPC_3_0_3.txt_0.1.bz2;0;0;0;0.0;0.0;0.0;0;mcqdw
BPPC_2_0_2.txt_0.2.bz2;2106;24;124321572;19.871;18.2205;0.920924;187766;mcqdw
BPPC_1_0_10.txt_0.9.bz2;370;4;69;4.03772;2.62089;0.660397;2;mcqdw
BPPC_4_0_2.txt_0.7.bz2;914;9;478454;7.40326;6.1026;0.833416;818;mcqdw
BPPC_3_0_6.txt_0.2.bz2;0;0;0;0.0;0.0;0.0;0;mcqdw
BPPC_7_0_7.txt_0.1.bz2;0;0;0;0.0;0.0;0.0;0;mcqdw
BPPC_2_0_4.txt_0.8.bz2;495;5;1132;4.97799;3.64522;0.743031;8;mcqdw
BPPC_8_0_7.txt_0.9.bz2;2070;5;1125;4.4505;3.15603;0.71334;45;mcqdw
BPPC_2_0_9.txt_0.4.bz2;1262;15;273854;11.2236;9.68804;0.870894;325;mcqdw
BPPC_6_0_8.txt_0.8.bz2;2055;5;142;4.95267;3.42235;0.696053;2;mcqdw
BPPC_5_0_10.txt_0.1.bz2;8230;24;1710;13.9113;11.9666;0.831856;0;mcqdw
BPPC_3_0_8.txt_0.1.bz2;0;0;0;0.0;0.0;0.0;0;mcqdw
BPPC_4_0_7.txt_0.6.bz2;993;11;8764550;8.55148;7.17085;0.848417;13480;mcqdw
BPPC_5_0_1.txt_0.5.bz2;2828;8;205;6.35857;4.57676;0.720869;0;mcqdw
BPPC_2_0_4.txt_0.9.bz2;424;5;247;4.47433;3.1488;0.708229;9;mcqdw
BPPC_7_0_7.txt_0.2.bz2;9805;26;100811687;20.0873;18.4362;0.922005;157098;mcqdw
BPPC_5_0_1.txt_0.1.bz2;8307;24;1251;16.6626;14.6761;0.854971;0;mcqdw
BPPC_3_0_10.txt_0.8.bz2;543;6;9272;5.30387;4.05909;0.774013;43;mcqdw
BPPC_6_0_5.txt_0.1.bz2;12004;33;354098;26.0786;24.3297;0.933371;442;mcqdw
BPPC_3_0_5.txt_0.5.bz2;1133;12;2108125;9.90772;8.45339;0.862841;3118;mcqdw
BPPC_7_0_9.txt_0.7.bz2;3007;8;2866;6.30339;4.93954;0.791721;11;mcqdw
BPPC_1_0_3.txt_0.7.bz2;541;6;391;5.33968;3.77893;0.715277;1;mcqdw
BPPC_8_0_6.txt_0.6.bz2;4101;10;237871;8.10638;6.72119;0.839526;332;mcqdw
BPPC_7_0_10.txt_0.4.bz2;5539;13;314623;11.0522;9.50846;0.86919;356;mcqdw
BPPC_1_0_6.txt_0.4.bz2;944;11;5782;9.23424;7.65012;0.833061;4;mcqdw
BPPC_3_0_5.txt_0.1.bz2;0;0;0;0.0;0.0;0.0;0;mcqdw
BPPC_3_0_1.txt_0.6.bz2;935;10;220954;8.15641;6.77686;0.840648;322;mcqdw
BPPC_6_0_4.txt_0.2.bz2;7520;20;110938;16.1102;14.4372;0.900277;120;mcqdw
BPPC_8_0_3.txt_0.8.bz2;2495;6;9441;5.28878;4.03962;0.772992;44;mcqdw
BPPC_4_0_10.txt_0.6.bz2;1015;11;8389313;8.61609;7.23427;0.849327;13107;mcqdw
BPPC_4_0_7.txt_0.3.bz2;0;0;0;0.0;0.0;0.0;0;mcqdw
BPPC_8_0_10.txt_0.5.bz2;5145;12;2143132;9.90741;8.44746;0.862228;3142;mcqdw
BPPC_2_0_10.txt_0.6.bz2;763;9;12729;7.12747;5.69805;0.808864;19;mcqdw
BPPC_5_0_10.txt_0.8.bz2;1507;4;51;4.3312;2.63858;0.622058;0;mcqdw
BPPC_6_0_3.txt_0.3.bz2;5607;14;22924;12.0357;10.414;0.872468;24;mcqdw
BPPC_6_0_7.txt_0.4.bz2;4232;11;5566;9.57332;8.01113;0.844991;5;mcqdw
BPPC_3_0_3.txt_0.4.bz2;1390;15;33496617;12.492;10.9749;0.886713;56467;mcqdw
BPPC_6_0_6.txt_0.5.bz2;3682;9;1741;8.09814;6.55955;0.816794;2;mcqdw
BPPC_5_0_4.txt_0.8.bz2;1672;4;43;4.3944;2.70424;0.618526;0;mcqdw
BPPC_1_0_9.txt_0.2.bz2;1830;21;43953;17.6421;16.0102;0.91043;57;mcqdw
BPPC_2_0_10.txt_0.2.bz2;2119;26;122105058;19.7923;18.1478;0.921135;186707;mcqdw
BPPC_2_0_9.txt_0.3.bz2;1571;17;3363131;14.3521;12.7552;0.895208;4313;mcqdw
BPPC_7_0_8.txt_0.6.bz2;4141;10;7131;7.9384;6.51849;0.829083;15;mcqdw
BPPC_4_0_4.txt_0.1.bz2;0;0;0;0.0;0.0;0.0;0;mcqdw
BPPC_6_0_1.txt_0.4.bz2;4528;12;4891;9.8028;8.21572;0.844737;4;mcqdw
BPPC_8_0_2.txt_0.3.bz2;0;0;0;0.0;0.0;0.0;0;mcqdw
BPPC_2_0_10.txt_0.1.bz2;0;0;0;0.0;0.0;0.0;0;mcqdw
BPPC_3_0_8.txt_0.3.bz2;0;0;0;0.0;0.0;0.0;0;mcqdw
BPPC_8_0_8.txt_0.2.bz2;0;0;0;0.0;0.0;0.0;0;mcqdw
BPPC_1_0_7.txt_0.7.bz2;547;6;290;5.76658;4.26788;0.750835;1;mcqdw
BPPC_8_0_1.txt_0.8.bz2;2664;6;8528;5.37583;4.14134;0.779291;43;mcqdw
BPPC_8_0_4.txt_0.4.bz2;6467;16;30108933;12.7786;11.2614;0.889311;52655;mcqdw
BPPC_1_0_6.txt_0.3.bz2;1230;15;21196;11.3153;9.71093;0.862143;17;mcqdw
BPPC_8_0_8.txt_0.6.bz2;4329;10;262373;7.9501;6.54922;0.833977;337;mcqdw
BPPC_8_0_1.txt_0.7.bz2;3365;9;35110;6.71778;5.36564;0.80801;81;mcqdw
BPPC_7_0_4.txt_0.9.bz2;1899;4;273;4.35916;3.05479;0.702783;9;mcqdw
BPPC_8_0_8.txt_0.7.bz2;3326;8;38076;6.6172;5.26028;0.804302;73;mcqdw
BPPC_8_0_5.txt_0.5.bz2;5012;12;2286475;9.78905;8.32887;0.860595;3276;mcqdw
BPPC_2_0_3.txt_0.6.bz2;792;9;12398;7.14382;5.71618;0.809229;16;mcqdw
BPPC_5_0_9.txt_0.4.bz2;3867;10;292;8.09941;6.19393;0.752222;0;mcqdw
BPPC_6_0_6.txt_0.4.bz2;4331;10;6757;9.15965;7.58958;0.834525;5;mcqdw
BPPC_3_0_7.txt_0.6.bz2;938;10;230056;8.08365;6.69733;0.83847;326;mcqdw
BPPC_6_0_4.txt_0.5.bz2;3535;10;2290;7.58867;6.03369;0.803895;2;mcqdw
BPPC_5_0_8.txt_0.7.bz2;1968;5;92;4.72741;2.99288;0.639526;0;mcqdw
BPPC_5_0_2.txt_0.1.bz2;8180;21;2436;16.26;14.4068;0.871777;1;mcqdw
BPPC_1_0_9.txt_0.5.bz2;872;9;2622;7.26038;5.72299;0.794265;4;mcqdw
BPPC_2_0_9.txt_0.7.bz2;608;7;3945;5.95478;4.58387;0.7793;8;mcqdw
BPPC_5_0_6.txt_0.1.bz2;8614;24;1053;17.2837;15.27;0.86131;0;mcqdw
BPPC_5_0_9.txt_0.1.bz2;8063;22;790;17.3234;15.2422;0.863971;1;mcqdw
BPPC_4_0_8.txt_0.1.bz2;0;0;0;0.0;0.0;0.0;0;mcqdw
BPPC_8_0_4.txt_0.8.bz2;2538;6;9380;5.28386;4.03909;0.773517;45;mcqdw
BPPC_6_0_7.txt_0.2.bz2;7639;21;115599;15.9274;14.2366;0.8974;102;mcqdw
BPPC_3_0_9.txt_0.8.bz2;606;7;6772;5.53637;4.31072;0.786006;40;mcqdw
BPPC_4_0_10.txt_0.1.bz2;0;0;0;0.0;0.0;0.0;0;mcqdw
BPPC_4_0_10.txt_0.3.bz2;0;0;0;0.0;0.0;0.0;0;mcqdw
BPPC_7_0_3.txt_0.4.bz2;5405;13;369999;10.7863;9.2367;0.865323;394;mcqdw
BPPC_3_0_4.txt_0.6.bz2;919;10;241683;8.03005;6.64211;0.836999;325;mcqdw
BPPC_2_0_9.txt_0.1.bz2;0;0;0;0.0;0.0;0.0;0;mcqdw
BPPC_3_0_8.txt_0.4.bz2;1514;16;31908381;12.5323;11.0189;0.887272;54100;mcqdw
BPPC_5_0_4.txt_0.1.bz2;8214;23;1110;16.3383;14.3297;0.841958;0;mcqdw
BPPC_7_0_1.txt_0.1.bz2;0;0;0;0.0;0.0;0.0;0;mcqdw
BPPC_4_0_6.txt_0.5.bz2;1291;14;154470032;10.9438;9.51092;0.877765;307337;mcqdw
BPPC_8_0_8.txt_0.1.bz2;0;0;0;0.0;0.0;0.0;0;mcqdw
BPPC_6_0_4.txt_0.9.bz2;1540;4;69;4.0339;2.52444;0.6353;3;mcqdw
BPPC_4_0_8.txt_0.8.bz2;697;7;58060;6.0598;4.82699;0.801769;211;mcqdw
BPPC_4_0_1.txt_0.4.bz2;0;0;0;0.0;0.0;0.0;0;mcqdw
BPPC_2_0_8.txt_0.4.bz2;1259;14;245281;11.4788;9.94405;0.874249;302;mcqdw
BPPC_5_0_8.txt_0.3.bz2;4294;12;454;9.40379;7.53923;0.793664;0;mcqdw
BPPC_5_0_2.txt_0.2.bz2;5920;16;862;12.0026;10.1598;0.831447;3;mcqdw
BPPC_7_0_9.txt_0.4.bz2;5472;14;299278;11.2417;9.69928;0.871305;349;mcqdw
BPPC_3_0_9.txt_0.9.bz2;445;5;1342;4.32389;3.02559;0.705347;41;mcqdw
BPPC_5_0_6.txt_0.6.bz2;2336;6;143;5.45634;3.62552;0.662815;0;mcqdw
BPPC_6_0_10.txt_0.2.bz2;7544;20;113663;15.9158;14.2638;0.899747;105;mcqdw
BPPC_6_0_1.txt_0.9.bz2;1488;4;64;4.06271;2.58095;0.650195;1;mcqdw
BPPC_8_0_8.txt_0.3.bz2;0;0;0;0.0;0.0;0.0;0;mcqdw
BPPC_5_0_8.txt_0.6.bz2;2620;6;110;5.56871;3.72839;0.662339;0;mcqdw
BPPC_6_0_1.txt_0.7.bz2;2469;6;492;5.16262;3.63936;0.715072;4;mcqdw
BPPC_2_0_2.txt_0.9.bz2;398;4;284;4.27823;2.89699;0.684868;9;mcqdw
BPPC_4_0_8.txt_0.3.bz2;0;0;0;0.0;0.0;0.0;0;mcqdw
BPPC_5_0_10.txt_0.3.bz2;4483;12;284;10.1276;8.18329;0.797167;0;mcqdw
BPPC_6_0_6.txt_0.6.bz2;2863;7;908;6.43352;4.9506;0.778891;1;mcqdw
BPPC_2_0_5.txt_0.9.bz2;388;4;365;4.03732;2.70434;0.671008;10;mcqdw
BPPC_6_0_8.txt_0.7.bz2;2491;6;403;5.39781;3.9297;0.737171;2;mcqdw
BPPC_4_0_2.txt_0.1.bz2;0;0;0;0.0;0.0;0.0;0;mcqdw
BPPC_6_0_2.txt_0.7.bz2;2202;6;518;5.16923;3.66787;0.719642;2;mcqdw
BPPC_4_0_10.txt_0.8.bz2;665;7;62485;5.95944;4.71822;0.796993;216;mcqdw
BPPC_1_0_8.txt_0.4.bz2;998;11;3880;9.56328;7.98455;0.837381;4;mcqdw
BPPC_6_0_5.txt_0.8.bz2;2013;5;158;4.7672;3.28924;0.697712;1;mcqdw
BPPC_3_0_6.txt_0.9.bz2;481;5;1166;4.428;3.13292;0.711296;39;mcqdw
BPPC_8_0_3.txt_0.3.bz2;0;0;0;0.0;0.0;0.0;0;mcqdw
BPPC_7_0_7.txt_0.7.bz2;2862;7;3466;6.06617;4.71133;0.785581;11;mcqdw
BPPC_6_0_7.txt_0.5.bz2;3610;9;1965;7.77225;6.22474;0.807727;2;mcqdw
BPPC_7_0_1.txt_0.5.bz2;4511;10;36839;9.34782;7.88736;0.853477;48;mcqdw
BPPC_3_0_6.txt_0.3.bz2;0;0;0;0.0;0.0;0.0;0;mcqdw
BPPC_1_0_8.txt_0.6.bz2;619;7;799;6.32966;4.83198;0.770046;1;mcqdw
BPPC_3_0_7.txt_0.2.bz2;0;0;0;0.0;0.0;0.0;0;mcqdw
BPPC_3_0_2.txt_0.2.bz2;0;0;0;0.0;0.0;0.0;0;mcqdw
BPPC_2_0_3.txt_0.4.bz2;1232;14;223061;11.6394;10.1191;0.8776;288;mcqdw
BPPC_5_0_3.txt_0.3.bz2;4419;12;679;9.44838;7.64468;0.801361;0;mcqdw
BPPC_3_0_4.txt_0.2.bz2;0;0;0;0.0;0.0;0.0;0;mcqdw
BPPC_8_0_7.txt_0.5.bz2;4966;13;2391367;9.74643;8.28258;0.859688;3367;mcqdw
BPPC_8_0_1.txt_0.9.bz2;2064;5;1249;4.38806;3.08848;0.709931;40;mcqdw
BPPC_6_0_6.txt_0.7.bz2;2267;6;476;5.22495;3.7266;0.725465;1;mcqdw
BPPC_4_0_4.txt_0.3.bz2;0;0;0;0.0;0.0;0.0;0;mcqdw
BPPC_2_0_4.txt_0.6.bz2;774;9;11146;7.26906;5.84028;0.811926;15;mcqdw
BPPC_7_0_1.txt_0.2.bz2;10119;25;57574297;20.6234;18.9703;0.923792;95155;mcqdw
BPPC_6_0_2.txt_0.2.bz2;7407;20;98459;16.0095;14.3593;0.900786;90;mcqdw
BPPC_1_0_2.txt_0.1.bz2;2527;32;773804;24.3868;22.6709;0.930922;899;mcqdw
BPPC_3_0_10.txt_0.3.bz2;0;0;0;0.0;0.0;0.0;0;mcqdw
BPPC_1_0_6.txt_0.1.bz2;2534;35;742417;25.1212;23.4205;0.933701;888;mcqdw
BPPC_8_0_9.txt_0.2.bz2;0;0;0;0.0;0.0;0.0;0;mcqdw
BPPC_4_0_1.txt_0.1.bz2;0;0;0;0.0;0.0;0.0;0;mcqdw
BPPC_7_0_2.txt_0.7.bz2;3088;7;2423;6.45948;5.12314;0.801737;10;mcqdw
BPPC_8_0_2.txt_0.7.bz2;3347;8;43176;6.44952;5.0921;0.799248;68;mcqdw
BPPC_4_0_9.txt_0.9.bz2;490;5;9798;4.32063;3.1442;0.73472;163;mcqdw
BPPC_5_0_8.txt_0.5.bz2;2737;7;176;6.43903;4.67625;0.737941;0;mcqdw
BPPC_4_0_8.txt_0.4.bz2;0;0;0;0.0;0.0;0.0;0;mcqdw
BPPC_6_0_7.txt_0.3.bz2;5462;15;24927;11.8127;10.1717;0.867112;21;mcqdw
BPPC_6_0_9.txt_0.3.bz2;5546;14;26015;11.6233;9.99178;0.865669;20;mcqdw
BPPC_2_0_8.txt_0.8.bz2;527;6;1145;4.95991;3.59835;0.734359;8;mcqdw
BPPC_7_0_9.txt_0.5.bz2;4400;12;50495;8.9674;7.4858;0.844528;61;mcqdw
BPPC_5_0_6.txt_0.4.bz2;3511;9;441;7.13965;5.38204;0.754017;0;mcqdw
BPPC_7_0_9.txt_0.9.bz2;1740;4;359;4.15036;2.75022;0.668041;10;mcqdw
BPPC_6_0_9.txt_0.7.bz2;2334;6;403;5.39384;3.91594;0.738196;1;mcqdw
BPPC_3_0_6.txt_0.7.bz2;724;8;40560;6.51972;5.16125;0.801218;73;mcqdw
BPPC_2_0_1.txt_0.8.bz2;479;5;1265;4.83586;3.51575;0.737725;9;mcqdw
BPPC_6_0_10.txt_0.5.bz2;3457;9;2551;7.50491;5.94371;0.799162;2;mcqdw
BPPC_7_0_10.txt_0.5.bz2;4236;10;60798;8.70186;7.21668;0.839304;62;mcqdw
BPPC_8_0_9.txt_0.9.bz2;2060;5;1415;4.30511;3.01063;0.706905;40;mcqdw
BPPC_4_0_4.txt_0.2.bz2;0;0;0;0.0;0.0;0.0;0;mcqdw
BPPC_8_0_6.txt_0.1.bz2;0;0;0;0.0;0.0;0.0;0;mcqdw
BPPC_2_0_7.txt_0.4.bz2;1252;13;262937;11.2197;9.68986;0.871543;310;mcqdw
BPPC_4_0_10.txt_0.2.bz2;0;0;0;0.0;0.0;0.0;0;mcqdw
BPPC_3_0_6.txt_0.5.bz2;1123;12;2167565;9.87791;8.42085;0.861999;3176;mcqdw
BPPC_2_0_5.txt_0.8.bz2;519;6;1029;4.99433;3.66039;0.742314;6;mcqdw
BPPC_7_0_10.txt_0.3.bz2;7117;17;2617963;14.7431;13.1549;0.898674;3488;mcqdw
BPPC_5_0_1.txt_0.6.bz2;2257;6;172;5.44423;3.69921;0.685668;0;mcqdw
BPPC_2_0_3.txt_0.5.bz2;995;11;46173;8.97389;7.50503;0.845073;52;mcqdw
BPPC_1_0_10.txt_0.8.bz2;430;5;210;4.45286;2.95665;0.668066;1;mcqdw
BPPC_5_0_3.txt_0.7.bz2;1971;5;77;4.90602;3.18051;0.656386;0;mcqdw
BPPC_4_0_9.txt_0.7.bz2;838;9;680200;7.06166;5.76504;0.826489;990;mcqdw
BPPC_1_0_4.txt_0.9.bz2;334;4;85;3.90017;2.43651;0.634514;1;mcqdw
BPPC_6_0_10.txt_0.8.bz2;2136;5;147;4.89705;3.40248;0.700482;1;mcqdw
BPPC_4_0_9.txt_0.8.bz2;707;7;54925;6.1151;4.8862;0.804292;213;mcqdw
BPPC_6_0_3.txt_0.7.bz2;2444;6;343;5.49353;3.8589;0.714952;1;mcqdw
BPPC_3_0_9.txt_0.2.bz2;0;0;0;0.0;0.0;0.0;0;mcqdw
BPPC_7_0_7.txt_0.8.bz2;2267;5;1288;4.85793;3.51573;0.733022;10;mcqdw
BPPC_2_0_8.txt_0.5.bz2;1000;10;42720;9.27541;7.80791;0.851599;53;mcqdw
BPPC_4_0_6.txt_0.8.bz2;678;7;52052;6.22003;5.00882;0.810551;207;mcqdw
BPPC_3_0_1.txt_0.7.bz2;727;8;35990;6.66051;5.31645;0.80687;68;mcqdw
BPPC_7_0_10.txt_0.8.bz2;2328;6;1078;4.97534;3.63657;0.740406;7;mcqdw
BPPC_5_0_2.txt_0.5.bz2;2883;8;218;6.37295;4.63145;0.726346;0;mcqdw
BPPC_7_0_3.txt_0.1.bz2;0;0;0;0.0;0.0;0.0;0;mcqdw
BPPC_3_0_3.txt_0.2.bz2;0;0;0;0.0;0.0;0.0;0;mcqdw
BPPC_5_0_10.txt_0.2.bz2;5553;15;1358;11.3254;9.51639;0.83062;0;mcqdw
BPPC_4_0_8.txt_0.5.bz2;1273;14;163440311;10.9124;9.47221;0.876922;317647;mcqdw
BPPC_7_0_6.txt_0.4.bz2;5337;13;304451;11.1228;9.58367;0.870107;345;mcqdw
BPPC_2_0_10.txt_0.5.bz2;913;11;72647;8.32799;6.85442;0.832653;74;mcqdw
BPPC_1_0_7.txt_0.4.bz2;861;11;9460;8.76623;7.19128;0.827865;6;mcqdw
BPPC_3_0_1.txt_0.3.bz2;0;0;0;0.0;0.0;0.0;0;mcqdw
BPPC_3_0_8.txt_0.7.bz2;726;8;38337;6.60893;5.25609;0.804724;78;mcqdw
BPPC_7_0_4.txt_0.2.bz2;10219;25;65783333;20.7577;19.1122;0.924698;109832;mcqdw
BPPC_6_0_10.txt_0.1.bz2;11992;32;641986;23.7755;22.051;0.927994;720;mcqdw
BPPC_4_0_3.txt_0.3.bz2;0;0;0;0.0;0.0;0.0;0;mcqdw
BPPC_3_0_9.txt_0.4.bz2;1439;15;31501577;12.6156;11.1018;0.88778;53240;mcqdw
BPPC_2_0_9.txt_0.6.bz2;772;9;11701;7.31588;5.87845;0.81353;16;mcqdw
BPPC_5_0_2.txt_0.7.bz2;1956;5;114;4.42285;2.62139;0.604788;0;mcqdw
BPPC_2_0_6.txt_0.9.bz2;403;4;315;4.13382;2.85184;0.694145;7;mcqdw
BPPC_3_0_1.txt_0.5.bz2;1119;12;1954576;10.0392;8.58859;0.864886;2980;mcqdw
BPPC_7_0_9.txt_0.3.bz2;7342;19;3521680;14.4049;12.802;0.895226;4439;mcqdw
BPPC_4_0_5.txt_0.4.bz2;0;0;0;0.0;0.0;0.0;0;mcqdw
BPPC_1_0_1.txt_0.6.bz2;623;7;1012;6.11562;4.62014;0.758321;1;mcqdw
BPPC_7_0_8.txt_0.4.bz2;5308;14;349548;10.8554;9.3104;0.866331;384;mcqdw
BPPC_1_0_4.txt_0.7.bz2;504;6;553;5.11643;3.61326;0.71545;1;mcqdw
BPPC_3_0_2.txt_0.6.bz2;872;9;277668;7.87383;6.48325;0.833592;354;mcqdw
BPPC_4_0_4.txt_0.9.bz2;500;5;9048;4.35105;3.17074;0.735409;160;mcqdw
BPPC_5_0_1.txt_0.4.bz2;3675;9;332;7.4162;5.56272;0.738137;0;mcqdw
BPPC_4_0_8.txt_0.6.bz2;1034;11;7430593;8.79665;7.41887;0.852817;12253;mcqdw
BPPC_4_0_10.txt_0.7.bz2;830;9;683857;7.04244;5.74684;0.826009;988;mcqdw
BPPC_5_0_4.txt_0.3.bz2;4455;12;629;9.42451;7.6416;0.807604;0;mcqdw
BPPC_4_0_2.txt_0.5.bz2;1284;13;159870063;10.9155;9.48261;0.877575;318186;mcqdw
BPPC_7_0_9.txt_0.8.bz2;2280;6;1155;4.85285;3.51816;0.733595;9;mcqdw
BPPC_1_0_2.txt_0.7.bz2;544;6;320;5.58011;4.05916;0.73694;2;mcqdw
BPPC_5_0_2.txt_0.3.bz2;4322;11;1400;8.19254;6.43248;0.780166;0;mcqdw
BPPC_1_0_1.txt_0.7.bz2;563;6;407;5.34098;3.79463;0.715547;1;mcqdw
BPPC_7_0_10.txt_0.7.bz2;2851;7;3510;6.0723;4.69529;0.78405;9;mcqdw
BPPC_5_0_6.txt_0.5.bz2;2823;7;200;6.60008;4.86207;0.742275;3;mcqdw
BPPC_4_0_5.txt_0.7.bz2;851;9;695402;7.02906;5.73136;0.8254;1015;mcqdw
BPPC_5_0_8.txt_0.8.bz2;1454;4;51;4.06407;2.47066;0.619677;0;mcqdw
BPPC_2_0_1.txt_0.9.bz2;410;4;278;4.37257;2.98953;0.688031;10;mcqdw
BPPC_4_0_6.txt_0.3.bz2;0;0;0;0.0;0.0;0.0;0;mcqdw
BPPC_4_0_5.txt_0.9.bz2;499;5;8650;4.39062;3.20872;0.737661;162;mcqdw
BPPC_8_0_2.txt_0.2.bz2;0;0;0;0.0;0.0;0.0;0;mcqdw
BPPC_1_0_8.txt_0.9.bz2;284;3;99;3.82195;2.525;0.670374;1;mcqdw
BPPC_1_0_5.txt_0.9.bz2;334;4;66;4.12169;2.64205;0.654348;1;mcqdw
BPPC_1_0_1.txt_0.5.bz2;744;8;2193;7.66871;6.14121;0.807972;2;mcqdw
BPPC_5_0_7.txt_0.4.bz2;3492;9;360;7.454;5.66726;0.752782;0;mcqdw
BPPC_1_0_1.txt_0.9.bz2;325;4;98;3.78674;2.25426;0.605966;2;mcqdw
BPPC_5_0_5.txt_0.4.bz2;3477;9;314;7.77756;6.0435;0.774924;0;mcqdw
BPPC_3_0_10.txt_0.6.bz2;936;10;228901;8.0845;6.70268;0.838748;316;mcqdw
BPPC_5_0_9.txt_0.9.bz2;1352;3;39;3.63278;1.80332;0.519702;0;mcqdw
BPPC_8_0_9.txt_0.5.bz2;5021;13;2462920;9.74448;8.27871;0.859401;3478;mcqdw
BPPC_6_0_9.txt_0.1.bz2;12473;34;121208;27.4465;25.7463;0.938095;175;mcqdw
BPPC_8_0_8.txt_0.4.bz2;6519;17;31533851;12.7135;11.1939;0.888538;54352;mcqdw
BPPC_6_0_5.txt_0.2.bz2;7626;19;141507;15.9275;14.2463;0.898753;125;mcqdw
BPPC_2_0_6.txt_0.8.bz2;503;5;996;5.05628;3.71867;0.746264;6;mcqdw
BPPC_3_0_5.txt_0.6.bz2;913;10;223559;8.16748;6.78589;0.841101;313;mcqdw
BPPC_1_0_7.txt_0.6.bz2;627;7;839;6.36733;4.89243;0.773783;1;mcqdw
BPPC_1_0_7.txt_0.8.bz2;404;5;185;4.64715;3.18115;0.693226;1;mcqdw
BPPC_2_0_3.txt_0.8.bz2;527;6;1028;5.04295;3.68294;0.739398;11;mcqdw
BPPC_6_0_4.txt_0.8.bz2;1862;5;176;4.722;3.21271;0.688984;4;mcqdw
BPPC_2_0_8.txt_0.1.bz2;0;0;0;0.0;0.0;0.0;0;mcqdw
BPPC_6_0_10.txt_0.9.bz2;1600;4;62;4.17108;2.7478;0.669391;3;mcqdw
BPPC_2_0_1.txt_0.5.bz2;933;11;58757;8.83064;7.35551;0.843022;61;mcqdw
BPPC_6_0_4.txt_0.1.bz2;11738;31;214688;26.3682;24.6578;0.936737;316;mcqdw
BPPC_8_0_4.txt_0.1.bz2;0;0;0;0.0;0.0;0.0;0;mcqdw
BPPC_4_0_3.txt_0.4.bz2;0;0;0;0.0;0.0;0.0;0;mcqdw
BPPC_2_0_7.txt_0.8.bz2;498;6;1240;4.84377;3.52168;0.736533;10;mcqdw
BPPC_6_0_2.txt_0.6.bz2;2820;8;826;6.55123;5.06306;0.78227;2;mcqdw
BPPC_2_0_5.txt_0.5.bz2;940;11;62387;8.68245;7.20016;0.838817;64;mcqdw
BPPC_6_0_3.txt_0.8.bz2;1853;4;233;4.49397;3.01591;0.679198;1;mcqdw
BPPC_6_0_3.txt_0.9.bz2;1478;3;75;4.07532;2.466;0.627;1;mcqdw
BPPC_4_0_9.txt_0.1.bz2;0;0;0;0.0;0.0;0.0;0;mcqdw
BPPC_3_0_5.txt_0.4.bz2;1429;16;35946990;12.3636;10.8484;0.885497;58637;mcqdw
BPPC_8_0_9.txt_0.7.bz2;3301;8;38272;6.61425;5.25518;0.80398;75;mcqdw
BPPC_6_0_2.txt_0.3.bz2;5653;16;20728;11.731;10.1077;0.866339;17;mcqdw
BPPC_2_0_3.txt_0.9.bz2;391;4;255;4.43927;3.07984;0.69812;6;mcqdw
BPPC_1_0_4.txt_0.6.bz2;609;7;1138;6.11807;4.632;0.764601;1;mcqdw
BPPC_4_0_7.txt_0.4.bz2;0;0;0;0.0;0.0;0.0;0;mcqdw
BPPC_7_0_7.txt_0.6.bz2;3473;8;12463;7.24155;5.80803;0.812783;17;mcqdw
BPPC_3_0_10.txt_0.2.bz2;0;0;0;0.0;0.0;0.0;0;mcqdw
BPPC_7_0_8.txt_0.7.bz2;3188;8;2921;6.22612;4.86112;0.788843;10;mcqdw
BPPC_7_0_4.txt_0.5.bz2;4550;10;50916;8.92186;7.44386;0.84397;56;mcqdw
BPPC_8_0_8.txt_0.9.bz2;2167;5;978;4.57284;3.27949;0.720155;38;mcqdw
BPPC_6_0_10.txt_0.4.bz2;4439;11;6539;9.33427;7.7632;0.839223;5;mcqdw
BPPC_1_0_2.txt_0.6.bz2;648;6;1009;6.2227;4.70617;0.761162;3;mcqdw
BPPC_8_0_6.txt_0.3.bz2;0;0;0;0.0;0.0;0.0;0;mcqdw
BPPC_7_0_10.txt_0.9.bz2;1783;4;244;4.44603;3.17689;0.717937;8;mcqdw
BPPC_1_0_2.txt_0.4.bz2;942;12;5619;9.49935;7.93565;0.843444;10;mcqdw
BPPC_3_0_6.txt_0.1.bz2;0;0;0;0.0;0.0;0.0;0;mcqdw
BPPC_7_0_4.txt_0.3.bz2;7068;18;3714016;14.1428;12.5454;0.893634;4526;mcqdw
BPPC_6_0_6.txt_0.8.bz2;2105;5;170;4.70974;3.10724;0.664123;1;mcqdw
BPPC_8_0_1.txt_0.5.bz2;5063;12;2257240;9.79512;8.33833;0.860937;3300;mcqdw
BPPC_7_0_8.txt_0.5.bz2;4442;10;52402;8.91986;7.44213;0.844068;58;mcqdw
BPPC_1_0_10.txt_0.3.bz2;1129;14;28065;11.4714;9.85731;0.865498;21;mcqdw
BPPC_8_0_2.txt_0.8.bz2;2658;6;8004;5.43624;4.21171;0.783536;42;mcqdw
BPPC_1_0_7.txt_0.2.bz2;1597;20;180755;15.5722;13.9105;0.896956;152;mcqdw
BPPC_5_0_10.txt_0.9.bz2;1189;3;43;3.6191;1.9371;0.560872;0;mcqdw
BPPC_1_0_3.txt_0.6.bz2;563;7;1288;5.92215;4.45842;0.760144;1;mcqdw
BPPC_8_0_2.txt_0.4.bz2;6488;16;34813806;12.5204;11.0017;0.886749;58491;mcqdw
BPPC_2_0_5.txt_0.2.bz2;2176;26;52894591;21.2147;19.5678;0.92642;91869;mcqdw
BPPC_8_0_1.txt_0.3.bz2;0;0;0;0.0;0.0;0.0;0;mcqdw
BPPC_4_0_6.txt_0.2.bz2;0;0;0;0.0;0.0;0.0;0;mcqdw
BPPC_4_0_7.txt_0.5.bz2;1273;14;149281845;11.0274;9.59365;0.87872;300394;mcqdw
BPPC_1_0_7.txt_0.3.bz2;1228;14;22018;11.9491;10.3395;0.870906;18;mcqdw
BPPC_8_0_9.txt_0.6.bz2;3942;10;288358;7.85196;6.45204;0.832294;366;mcqdw
BPPC_1_0_8.txt_0.3.bz2;1269;16;14000;12.4605;10.851;0.875012;12;mcqdw
BPPC_3_0_6.txt_0.6.bz2;902;9;245683;8.01612;6.62835;0.836972;327;mcqdw
BPPC_1_0_9.txt_0.4.bz2;1035;12;4298;9.94996;8.39042;0.848854;4;mcqdw
BPPC_8_0_2.txt_0.6.bz2;4125;9;245631;8.09383;6.70462;0.838657;335;mcqdw
BPPC_2_0_2.txt_0.6.bz2;776;8;12522;7.20138;5.77089;0.809772;18;mcqdw
BPPC_2_0_2.txt_0.4.bz2;1208;14;294312;11.2894;9.76199;0.872995;343;mcqdw
BPPC_1_0_6.txt_0.8.bz2;449;5;142;4.91851;3.20875;0.66438;1;mcqdw
BPPC_8_0_10.txt_0.3.bz2;0;0;0;0.0;0.0;0.0;0;mcqdw
BPPC_2_0_10.txt_0.3.bz2;1523;17;3807889;14.1338;12.5478;0.894294;4729;mcqdw
BPPC_3_0_10.txt_0.1.bz2;0;0;0;0.0;0.0;0.0;0;mcqdw
BPPC_2_0_7.txt_0.9.bz2;396;4;292;4.20982;2.8892;0.687876;10;mcqdw
BPPC_2_0_7.txt_0.5.bz2;961;10;48362;9.08722;7.62037;0.848243;54;mcqdw
BPPC_1_0_3.txt_0.2.bz2;1593;20;107439;15.8658;14.1986;0.898614;97;mcqdw
BPPC_5_0_10.txt_0.5.bz2;3088;8;131;6.51255;4.53252;0.685665;0;mcqdw
BPPC_4_0_2.txt_0.6.bz2;1013;11;8849033;8.53089;7.14818;0.847666;13556;mcqdw
BPPC_4_0_2.txt_0.4.bz2;0;0;0;0.0;0.0;0.0;0;mcqdw
BPPC_2_0_6.txt_0.3.bz2;1492;19;4066877;14.1289;12.5377;0.893941;4913;mcqdw
BPPC_6_0_1.txt_0.8.bz2;1869;4;187;4.67199;3.14662;0.685718;2;mcqdw
BPPC_5_0_4.txt_0.6.bz2;2468;6;121;5.71636;3.89536;0.683411;0;mcqdw
BPPC_7_0_3.txt_0.5.bz2;4325;11;58805;8.74451;7.25486;0.839604;62;mcqdw
BPPC_4_0_4.txt_0.6.bz2;1054;12;7494192;8.7625;7.38307;0.851911;12184;mcqdw
BPPC_3_0_2.txt_0.8.bz2;622;6;7274;5.45203;4.20974;0.779507;39;mcqdw
BPPC_6_0_6.txt_0.1.bz2;11921;33;283079;26.2576;24.5221;0.934668;383;mcqdw
BPPC_5_0_2.txt_0.4.bz2;3458;9;304;7.43412;5.70194;0.756321;0;mcqdw
BPPC_8_0_7.txt_0.1.bz2;0;0;0;0.0;0.0;0.0;0;mcqdw
BPPC_2_0_10.txt_0.9.bz2;422;4;253;4.41475;3.12836;0.712976;8;mcqdw
BPPC_3_0_8.txt_0.5.bz2;1123;12;2007598;10.0229;8.57129;0.864648;3013;mcqdw
BPPC_2_0_7.txt_0.7.bz2;670;7;2621;6.35785;5.02929;0.79899;10;mcqdw
BPPC_4_0_5.txt_0.8.bz2;665;7;57990;6.08087;4.85201;0.803383;210;mcqdw
BPPC_2_0_10.txt_0.7.bz2;625;6;4005;5.89053;4.52115;0.776038;10;mcqdw
BPPC_3_0_5.txt_0.2.bz2;0;0;0;0.0;0.0;0.0;0;mcqdw
BPPC_6_0_3.txt_0.6.bz2;3224;8;539;6.99127;5.43799;0.780825;2;mcqdw
BPPC_8_0_7.txt_0.3.bz2;0;0;0;0.0;0.0;0.0;0;mcqdw
BPPC_2_0_9.txt_0.9.bz2;396;4;228;4.52412;3.29008;0.728874;10;mcqdw
BPPC_6_0_5.txt_0.4.bz2;4404;11;6005;9.58432;8.01109;0.843084;6;mcqdw
BPPC_5_0_7.txt_0.2.bz2;6036;16;558;11.9306;9.94242;0.800101;0;mcqdw
BPPC_4_0_2.txt_0.3.bz2;0;0;0;0.0;0.0;0.0;0;mcqdw
BPPC_1_0_5.txt_0.1.bz2;2591;33;255718;26.1107;24.3804;0.933872;332;mcqdw
BPPC_4_0_9.txt_0.3.bz2;0;0;0;0.0;0.0;0.0;0;mcqdw
BPPC_6_0_1.txt_0.3.bz2;5612;15;16847;12.3561;10.737;0.874881;15;mcqdw
BPPC_2_0_4.txt_0.7.bz2;649;8;3253;6.16114;4.81543;0.791266;9;mcqdw
BPPC_1_0_3.txt_0.4.bz2;941;10;6824;9.22015;7.64001;0.832928;5;mcqdw
BPPC_3_0_10.txt_0.5.bz2;1106;12;2229366;9.86579;8.40982;0.861973;3223;mcqdw
BPPC_2_0_6.txt_0.2.bz2;2118;25;99215491;20.1264;18.486;0.922513;153175;mcqdw
BPPC_5_0_10.txt_0.7.bz2;2018;6;68;4.966;3.0697;0.622839;0;mcqdw
BPPC_5_0_1.txt_0.3.bz2;4357;12;684;9.19448;7.39159;0.792734;0;mcqdw
BPPC_2_0_4.txt_0.5.bz2;998;12;39601;9.11355;7.64323;0.846482;48;mcqdw
BPPC_4_0_1.txt_0.5.bz2;1278;14;154996822;10.9493;9.51444;0.877742;307761;mcqdw
BPPC_3_0_3.txt_0.6.bz2;943;10;197697;8.27076;6.89531;0.843134;289;mcqdw
BPPC_4_0_6.txt_0.4.bz2;0;0;0;0.0;0.0;0.0;0;mcqdw
BPPC_6_0_10.txt_0.3.bz2;5565;14;24626;11.4414;9.81775;0.863299;20;mcqdw
BPPC_8_0_10.txt_0.4.bz2;6336;16;36406657;12.3773;10.8541;0.88513;59750;mcqdw
BPPC_5_0_8.txt_0.2.bz2;5538;15;878;11.1145;9.25565;0.816578;0;mcqdw
BPPC_7_0_3.txt_0.9.bz2;1772;4;276;4.23348;2.90742;0.688746;7;mcqdw
BPPC_7_0_2.txt_0.3.bz2;7088;17;3524677;14.3711;12.7649;0.894998;4478;mcqdw
BPPC_4_0_7.txt_0.2.bz2;0;0;0;0.0;0.0;0.0;0;mcqdw
BPPC_7_0_3.txt_0.6.bz2;3570;9;9911;7.57405;6.14523;0.821038;14;mcqdw
BPPC_8_0_1.txt_0.2.bz2;0;0;0;0.0;0.0;0.0;0;mcqdw
BPPC_3_0_2.txt_0.7.bz2;705;8;41871;6.49683;5.14172;0.800893;74;mcqdw
BPPC_4_0_3.txt_0.5.bz2;1298;14;153595213;11.0042;9.57073;0.878559;307189;mcqdw
BPPC_1_0_1.txt_0.2.bz2;1601;20;90429;16.2586;14.6033;0.900935;85;mcqdw
BPPC_5_0_4.txt_0.7.bz2;1904;5;77;4.74118;3.03292;0.649084;0;mcqdw
BPPC_1_0_10.txt_0.5.bz2;729;8;2805;7.41696;5.87662;0.80057;3;mcqdw
BPPC_5_0_6.txt_0.7.bz2;1836;5;79;4.91138;3.15015;0.651342;0;mcqdw
BPPC_5_0_6.txt_0.9.bz2;1317;3;34;3.82979;1.84156;0.50135;0;mcqdw
BPPC_7_0_1.txt_0.3.bz2;7183;19;3021872;14.3937;12.8044;0.896044;3825;mcqdw
BPPC_4_0_3.txt_0.8.bz2;670;7;63086;5.95222;4.70731;0.796394;211;mcqdw
BPPC_4_0_8.txt_0.2.bz2;0;0;0;0.0;0.0;0.0;0;mcqdw
BPPC_5_0_6.txt_0.8.bz2;1651;4;48;4.15786;2.35587;0.572672;0;mcqdw
BPPC_1_0_2.txt_0.9.bz2;301;3;95;3.84896;2.52604;0.662989;1;mcqdw
BPPC_2_0_6.txt_0.6.bz2;790;8;10938;7.41736;5.98464;0.81633;14;mcqdw
BPPC_4_0_6.txt_0.6.bz2;1069;12;6128594;9.05774;7.68589;0.8573;10814;mcqdw
BPPC_6_0_3.txt_0.4.bz2;4233;11;6426;9.24951;7.67268;0.836659;5;mcqdw
BPPC_2_0_9.txt_0.8.bz2;530;6;1233;4.8464;3.47664;0.727434;8;mcqdw
BPPC_7_0_1.txt_0.6.bz2;3542;9;11292;7.36606;5.9327;0.815753;16;mcqdw
BPPC_4_0_10.txt_0.9.bz2;518;5;7403;4.45133;3.26476;0.739545;163;mcqdw
BPPC_3_0_10.txt_0.4.bz2;1386;15;36469553;12.3792;10.8649;0.885737;60719;mcqdw
BPPC_3_0_10.txt_0.7.bz2;690;8;45257;6.39512;5.03887;0.797958;76;mcqdw
BPPC_8_0_6.txt_0.8.bz2;2772;7;7013;5.51575;4.28877;0.786352;42;mcqdw
BPPC_6_0_8.txt_0.2.bz2;7903;20;99545;16.4815;14.815;0.902929;98;mcqdw
BPPC_4_0_7.txt_0.9.bz2;520;5;7519;4.43616;3.24459;0.737566;162;mcqdw
BPPC_4_0_2.txt_0.8.bz2;670;7;63325;5.95191;4.71186;0.796846;214;mcqdw
BPPC_3_0_3.txt_0.3.bz2;0;0;0;0.0;0.0;0.0;0;mcqdw
BPPC_5_0_2.txt_0.8.bz2;1524;4;71;4.07416;2.29042;0.57508;0;mcqdw
BPPC_7_0_8.txt_0.9.bz2;1743;4;308;4.21796;2.88048;0.686548;12;mcqdw
BPPC_5_0_9.txt_0.6.bz2;2163;6;125;5.31162;3.6107;0.687985;1;mcqdw
BPPC_6_0_2.txt_0.1.bz2;11871;32;276218;26.2766;24.5471;0.935466;373;mcqdw
BPPC_3_0_3.txt_0.5.bz2;1101;12;2295396;9.80855;8.35497;0.861572;3334;mcqdw
BPPC_3_0_7.txt_0.1.bz2;0;0;0;0.0;0.0;0.0;0;mcqdw
BPPC_8_0_4.txt_0.7.bz2;3395;8;29198;6.96304;5.62726;0.816898;68;mcqdw
BPPC_4_0_2.txt_0.9.bz2;497;5;9919;4.30964;3.13271;0.733697;171;mcqdw
BPPC_5_0_3.txt_0.2.bz2;6042;17;435;12.708;10.6096;0.812907;0;mcqdw
BPPC_2_0_6.txt_0.4.bz2;1241;14;285868;11.1971;9.67525;0.872683;337;mcqdw
BPPC_7_0_6.txt_0.3.bz2;7233;18;2200325;14.8229;13.2307;0.898833;2998;mcqdw
BPPC_7_0_6.txt_0.6.bz2;3675;9;9801;7.58996;6.15793;0.820856;16;mcqdw
BPPC_2_0_9.txt_0.2.bz2;2170;27;74233514;20.4839;18.833;0.923493;122961;mcqdw
BPPC_1_0_9.txt_0.1.bz2;2680;32;286696;27.2465;25.4987;0.93702;394;mcqdw
BPPC_5_0_7.txt_0.7.bz2;1938;5;79;4.84857;2.98452;0.629817;0;mcqdw
BPPC_5_0_1.txt_0.7.bz2;2226;5;60;5.27909;3.3928;0.645017;0;mcqdw
BPPC_6_0_9.txt_0.8.bz2;1898;5;164;4.87421;3.40449;0.709065;1;mcqdw
BPPC_7_0_1.txt_0.9.bz2;1907;4;285;4.26683;2.94931;0.694418;6;mcqdw
BPPC_7_0_5.txt_0.6.bz2;3465;8;13523;7.17568;5.73955;0.810629;15;mcqdw
BPPC_7_0_9.txt_0.6.bz2;3600;9;12099;7.27603;5.84254;0.812655;19;mcqdw
BPPC_3_0_1.txt_0.4.bz2;1374;14;33319181;12.5725;11.057;0.887485;56382;mcqdw
BPPC_1_0_9.txt_0.3.bz2;1212;14;17858;12.0168;10.3977;0.871233;23;mcqdw
BPPC_8_0_3.txt_0.2.bz2;0;0;0;0.0;0.0;0.0;0;mcqdw
BPPC_1_0_8.txt_0.5.bz2;743;9;2129;7.61693;6.0685;0.804935;2;mcqdw
BPPC_8_0_10.txt_0.1.bz2;0;0;0;0.0;0.0;0.0;0;mcqdw
BPPC_6_0_6.txt_0.3.bz2;5563;14;21152;12.0847;10.4394;0.869365;17;mcqdw
BPPC_3_0_1.txt_0.1.bz2;0;0;0;0.0;0.0;0.0;0;mcqdw
BPPC_4_0_10.txt_0.4.bz2;0;0;0;0.0;0.0;0.0;0;mcqdw
BPPC_7_0_1.txt_0.8.bz2;2295;6;1081;4.97941;3.62358;0.736334;5;mcqdw
BPPC_5_0_10.txt_0.4.bz2;3657;9;310;7.53727;5.56361;0.723757;0;mcqdw
BPPC_2_0_1.txt_0.6.bz2;779;9;11552;7.28933;5.8559;0.812383;17;mcqdw
BPPC_1_0_3.txt_0.5.bz2;825;10;1325;8.17634;6.6514;0.818165;1;mcqdw
BPPC_4_0_5.txt_0.1.bz2;0;0;0;0.0;0.0;0.0;0;mcqdw
BPPC_3_0_7.txt_0.3.bz2;0;0;0;0.0;0.0;0.0;0;mcqdw
BPPC_2_0_6.txt_0.1.bz2;0;0;0;0.0;0.0;0.0;0;mcqdw
BPPC_4_0_3.txt_0.9.bz2;484;5;10471;4.29197;3.11397;0.732495;154;mcqdw
BPPC_7_0_6.txt_0.1.bz2;0;0;0;0.0;0.0;0.0;0;mcqdw
BPPC_6_0_1.txt_0.6.bz2;2757;7;1148;6.18407;4.67378;0.764931;1;mcqdw
BPPC_8_0_4.txt_0.5.bz2;5207;12;1927081;10.056;8.59698;0.864127;2781;mcqdw
BPPC_7_0_2.txt_0.6.bz2;3562;10;12659;7.19422;5.7585;0.810488;14;mcqdw
BPPC_7_0_4.txt_0.4.bz2;5378;13;326862;11.0117;9.46993;0.868561;355;mcqdw
BPPC_1_0_3.txt_0.1.bz2;2492;32;444105;24.9189;23.1854;0.931283;525;mcqdw
BPPC_1_0_5.txt_0.7.bz2;534;6;384;5.42498;3.97148;0.739032;1;mcqdw
BPPC_6_0_5.txt_0.3.bz2;5560;14;29135;11.4304;9.80409;0.863316;21;mcqdw
BPPC_7_0_7.txt_0.4.bz2;5474;13;286022;11.161;9.61594;0.870051;319;mcqdw
BPPC_1_0_8.txt_0.7.bz2;499;5;570;5.05653;3.56479;0.713347;2;mcqdw
BPPC_7_0_5.txt_0.3.bz2;7186;18;3413276;14.3766;12.778;0.895385;4279;mcqdw
BPPC_5_0_2.txt_0.9.bz2;1393;4;35;3.63042;2.02958;0.577056;0;mcqdw
BPPC_3_0_2.txt_0.1.bz2;0;0;0;0.0;0.0;0.0;0;mcqdw
BPPC_4_0_4.txt_0.7.bz2;850;9;660902;7.08022;5.77988;0.826234;963;mcqdw
BPPC_1_0_8.txt_0.2.bz2;1600;20;102640;16.2161;14.5457;0.901585;94;mcqdw
BPPC_7_0_3.txt_0.2.bz2;9941;24;76127296;20.4609;18.8036;0.923137;122151;mcqdw
BPPC_3_0_2.txt_0.4.bz2;1404;15;32085013;12.6197;11.1089;0.888226;54508;mcqdw
BPPC_3_0_1.txt_0.9.bz2;449;5;1172;4.4576;3.13636;0.711001;33;mcqdw
BPPC_2_0_2.txt_0.3.bz2;1489;16;4445374;14.0267;12.4324;0.892967;5268;mcqdw
BPPC_4_0_10.txt_0.5.bz2;1264;13;164481174;10.8764;9.44239;0.876963;317820;mcqdw
BPPC_4_0_6.txt_0.1.bz2;0;0;0;0.0;0.0;0.0;0;mcqdw
BPPC_2_0_6.txt_0.5.bz2;991;11;49309;8.9365;7.46379;0.844391;53;mcqdw
BPPC_8_0_4.txt_0.2.bz2;0;0;0;0.0;0.0;0.0;0;mcqdw
BPPC_2_0_5.txt_0.4.bz2;1201;13;309118;11.0769;9.54592;0.869853;340;mcqdw
BPPC_2_0_3.txt_0.2.bz2;2143;25;83093497;20.2978;18.65;0.922909;127178;mcqdw
BPPC_7_0_7.txt_0.3.bz2;6923;19;4273015;13.9583;12.3559;0.89207;5158;mcqdw
BPPC_8_0_6.txt_0.2.bz2;0;0;0;0.0;0.0;0.0;0;mcqdw
BPPC_3_0_7.txt_0.4.bz2;1446;15;30748742;12.6844;11.1689;0.888428;52500;mcqdw
BPPC_2_0_7.txt_0.1.bz2;0;0;0;0.0;0.0;0.0;0;mcqdw
BPPC_7_0_6.txt_0.5.bz2;4261;10;47351;9.00401;7.52698;0.845921;54;mcqdw
BPPC_5_0_4.txt_0.5.bz2;2711;7;220;6.19981;4.53751;0.735974;0;mcqdw
BPPC_2_0_3.txt_0.1.bz2;0;0;0;0.0;0.0;0.0;0;mcqdw
BPPC_7_0_4.txt_0.7.bz2;2830;7;3990;5.91611;4.52389;0.774307;8;mcqdw
BPPC_2_0_4.txt_0.1.bz2;0;0;0;0.0;0.0;0.0;0;mcqdw
BPPC_6_0_9.txt_0.4.bz2;4352;10;5281;9.46862;7.8927;0.840121;6;mcqdw
BPPC_8_0_10.txt_0.9.bz2;1998;5;1440;4.31267;3.00436;0.70412;31;mcqdw
BPPC_3_0_3.txt_0.7.bz2;758;8;29128;6.92537;5.59165;0.815144;59;mcqdw
BPPC_1_0_1.txt_0.4.bz2;947;11;7676;8.98562;7.42094;0.83129;7;mcqdw
BPPC_5_0_5.txt_0.8.bz2;1710;4;38;4.52416;2.8215;0.633868;0;mcqdw
BPPC_2_0_1.txt_0.7.bz2;649;7;3051;6.24976;4.90341;0.793195;8;mcqdw
BPPC_6_0_7.txt_0.1.bz2;12422;32;156210;27.1567;25.4281;0.937128;233;mcqdw
BPPC_6_0_6.txt_0.2.bz2;7829;21;94931;16.0585;14.3749;0.898885;89;mcqdw
BPPC_1_0_10.txt_0.6.bz2;601;8;1028;6.26416;4.77871;0.77028;3;mcqdw
BPPC_6_0_2.txt_0.9.bz2;1529;4;60;4.02656;2.57705;0.655638;1;mcqdw
BPPC_7_0_9.txt_0.1.bz2;0;0;0;0.0;0.0;0.0;0;mcqdw
BPPC_3_0_9.txt_0.3.bz2;0;0;0;0.0;0.0;0.0;0;mcqdw
BPPC_2_0_4.txt_0.4.bz2;1199;14;285946;11.2609;9.72749;0.87208;330;mcqdw
BPPC_2_0_5.txt_0.1.bz2;0;0;0;0.0;0.0;0.0;0;mcqdw
BPPC_6_0_2.txt_0.4.bz2;4331;11;7965;9.27421;7.70094;0.838641;7;mcqdw
BPPC_7_0_5.txt_0.7.bz2;3306;8;2721;6.28212;4.93543;0.794211;9;mcqdw
BPPC_7_0_3.txt_0.8.bz2;2229;5;1113;4.98416;3.65064;0.742922;9;mcqdw
BPPC_1_0_10.txt_0.2.bz2;1676;20;71659;17.2864;15.6436;0.908897;70;mcqdw
BPPC_3_0_3.txt_0.8.bz2;567;6;8500;5.34556;4.10649;0.776172;35;mcqdw
BPPC_8_0_5.txt_0.1.bz2;0;0;0;0.0;0.0;0.0;0;mcqdw
BPPC_1_0_9.txt_0.8.bz2;433;5;150;4.77022;3.26727;0.689806;1;mcqdw
BPPC_7_0_4.txt_0.1.bz2;0;0;0;0.0;0.0;0.0;0;mcqdw
BPPC_1_0_6.txt_0.6.bz2;611;6;1045;6.20727;4.70838;0.767636;1;mcqdw
BPPC_6_0_7.txt_0.7.bz2;2282;6;394;5.42497;3.9027;0.731704;2;mcqdw
BPPC_6_0_8.txt_0.3.bz2;5707;15;20302;11.9574;10.3352;0.870004;17;mcqdw
BPPC_7_0_3.txt_0.7.bz2;2838;7;3358;6.10785;4.74305;0.785698;8;mcqdw
BPPC_8_0_6.txt_0.5.bz2;5134;12;2150604;9.93817;8.4782;0.862666;3172;mcqdw
BPPC_4_0_8.txt_0.7.bz2;823;9;705271;7.0192;5.72024;0.82507;1008;mcqdw
BPPC_4_0_5.txt_0.6.bz2;994;11;9212863;8.51347;7.12855;0.847299;13869;mcqdw
BPPC_5_0_9.txt_0.2.bz2;6118;16;812;11.8913;9.91458;0.808084;0;mcqdw
BPPC_1_0_10.txt_0.7.bz2;534;6;346;5.51739;4.06077;0.744311;2;mcqdw
BPPC_6_0_8.txt_0.6.bz2;3105;7;739;6.5538;5.04204;0.774494;1;mcqdw
BPPC_8_0_9.txt_0.1.bz2;0;0;0;0.0;0.0;0.0;0;mcqdw
BPPC_3_0_4.txt_0.8.bz2;581;6;8576;5.351;4.1032;0.775257;45;mcqdw
BPPC_6_0_5.txt_0.9.bz2;1476;4;126;3.73466;2.3557;0.640571;1;mcqdw
BPPC_2_0_5.txt_0.7.bz2;617;7;3501;6.12417;4.76684;0.787896;7;mcqdw
BPPC_7_0_10.txt_0.2.bz2;9695;25;109043061;20.0018;18.3351;0.920944;166699;mcqdw
BPPC_2_0_5.txt_0.3.bz2;1515;19;3610954;14.2009;12.6146;0.894809;4453;mcqdw
BPPC_3_0_4.txt_0.3.bz2;0;0;0;0.0;0.0;0.0;0;mcqdw
BPPC_1_0_5.txt_0.4.bz2;981;11;6298;9.14071;7.56908;0.834312;6;mcqdw
BPPC_7_0_8.txt_0.3.bz2;6977;18;3516578;14.2983;12.7028;0.895039;4292;mcqdw
BPPC_5_0_9.txt_0.5.bz2;3015;8;213;6.22604;4.36848;0.698468;0;mcqdw
BPPC_7_0_5.txt_0.1.bz2;0;0;0;0.0;0.0;0.0;0;mcqdw
BPPC_6_0_3.txt_0.5.bz2;3688;9;1991;7.87505;6.3493;0.813779;2;mcqdw
BPPC_6_0_3.txt_0.1.bz2;11409;32;846111;25.5722;23.8349;0.933514;1018;mcqdw
BPPC_2_0_2.txt_0.8.bz2;516;6;1133;4.96216;3.6071;0.737833;7;mcqdw
BPPC_2_0_8.txt_0.6.bz2;793;9;12714;7.23012;5.79325;0.810582;15;mcqdw
BPPC_8_0_7.txt_0.6.bz2;4219;10;233209;8.14391;6.75501;0.839826;312;mcqdw
BPPC_7_0_7.txt_0.9.bz2;1801;4;308;4.19819;2.89646;0.693505;7;mcqdw
BPPC_2_0_7.txt_0.6.bz2;791;8;11355;7.33583;5.90846;0.815123;15;mcqdw
BPPC_7_0_8.txt_0.1.bz2;0;0;0;0.0;0.0;0.0;0;mcqdw
