instance;weight;time
BPPC_8_0_3.txt_0.9.bz2;2163;0.000905991
BPPC_8_0_1.txt_0.1.bz2;0;0
BPPC_1_0_8.txt_0.1.bz2;2600;1.94759
BPPC_4_0_4.txt_0.4.bz2;0;0
BPPC_5_0_7.txt_0.1.bz2;8476;0.00124311
BPPC_6_0_7.txt_0.9.bz2;1475;0.000224113
BPPC_1_0_4.txt_0.5.bz2;778;0.000983953
BPPC_5_0_5.txt_0.1.bz2;7776;0.00398707
BPPC_6_0_5.txt_0.5.bz2;3709;0.00123501
BPPC_8_0_9.txt_0.8.bz2;2667;0.00664115
BPPC_2_0_8.txt_0.2.bz2;2147;191.734
BPPC_6_0_8.txt_0.9.bz2;1407;0.000315189
BPPC_3_0_4.txt_0.4.bz2;1412;24.6889
BPPC_8_0_5.txt_0.7.bz2;3256;0.023509
BPPC_5_0_8.txt_0.9.bz2;1267;0.000236034
BPPC_5_0_5.txt_0.7.bz2;2078;0.00012207
BPPC_7_0_8.txt_0.8.bz2;2382;0.000549078
BPPC_5_0_1.txt_0.8.bz2;1760;0.000465155
BPPC_5_0_7.txt_0.3.bz2;4566;0.000285149
BPPC_6_0_7.txt_0.6.bz2;2968;0.000394821
BPPC_8_0_3.txt_0.7.bz2;3370;0.026139
BPPC_4_0_9.txt_0.2.bz2;0;0
BPPC_7_0_10.txt_0.1.bz2;0;0
BPPC_5_0_9.txt_0.3.bz2;4280;0.000535965
BPPC_5_0_3.txt_0.8.bz2;1656;0.00041008
BPPC_6_0_8.txt_0.5.bz2;3695;0.00236702
BPPC_1_0_7.txt_0.9.bz2;347;0.000258923
BPPC_3_0_9.txt_0.5.bz2;1055;1.66457
BPPC_7_0_2.txt_0.9.bz2;1808;0.000409842
BPPC_7_0_4.txt_0.8.bz2;2434;0.00069499
BPPC_4_0_5.txt_0.5.bz2;1268;154.114
BPPC_6_0_1.txt_0.1.bz2;11901;2.43684
BPPC_5_0_9.txt_0.8.bz2;1811;0.000204086
BPPC_3_0_8.txt_0.9.bz2;443;0.00105
BPPC_5_0_3.txt_0.9.bz2;1314;7.29561e-05
BPPC_6_0_4.txt_0.3.bz2;5708;0.010771
BPPC_8_0_10.txt_0.6.bz2;4026;0.155577
BPPC_6_0_6.txt_0.9.bz2;1642;0.000391006
BPPC_5_0_7.txt_0.6.bz2;2495;0.00033617
BPPC_4_0_9.txt_0.4.bz2;0;0
BPPC_4_0_1.txt_0.6.bz2;1025;5.6991
BPPC_8_0_5.txt_0.9.bz2;2163;0.00121403
BPPC_2_0_10.txt_0.8.bz2;545;0.00065279
BPPC_4_0_7.txt_0.8.bz2;635;0.049567
BPPC_3_0_5.txt_0.7.bz2;720;0.0244739
BPPC_7_0_8.txt_0.2.bz2;10144;126.717
BPPC_4_0_3.txt_0.7.bz2;826;0.501362
BPPC_3_0_10.txt_0.9.bz2;456;0.00124502
BPPC_3_0_5.txt_0.9.bz2;455;0.00211096
BPPC_2_0_1.txt_0.3.bz2;1534;2.673
BPPC_6_0_2.txt_0.8.bz2;2048;0.000294924
BPPC_7_0_5.txt_0.2.bz2;9764;164.931
BPPC_8_0_9.txt_0.4.bz2;6481;27.128
BPPC_1_0_9.txt_0.7.bz2;541;0.000365019
BPPC_8_0_3.txt_0.6.bz2;4123;0.138736
BPPC_3_0_4.txt_0.7.bz2;768;0.022115
BPPC_7_0_2.txt_0.1.bz2;0;0
BPPC_1_0_1.txt_0.3.bz2;1211;0.0107861
BPPC_8_0_3.txt_0.1.bz2;0;0
BPPC_6_0_8.txt_0.1.bz2;11501;6.60877
BPPC_3_0_7.txt_0.7.bz2;726;0.02408
BPPC_8_0_4.txt_0.3.bz2;0;0
BPPC_1_0_10.txt_0.4.bz2;939;0.00316715
BPPC_3_0_1.txt_0.8.bz2;562;0.00560808
BPPC_7_0_7.txt_0.5.bz2;4585;0.0440569
BPPC_2_0_2.txt_0.1.bz2;0;0
BPPC_7_0_6.txt_0.9.bz2;1703;0.000753164
BPPC_2_0_6.txt_0.7.bz2;656;0.00167704
BPPC_4_0_2.txt_0.2.bz2;0;0
BPPC_4_0_7.txt_0.1.bz2;0;0
BPPC_2_0_4.txt_0.2.bz2;2141;133.263
BPPC_8_0_3.txt_0.4.bz2;6542;26.7756
BPPC_5_0_5.txt_0.9.bz2;1298;0.000328064
BPPC_6_0_10.txt_0.6.bz2;3072;0.000756025
BPPC_7_0_1.txt_0.4.bz2;5485;0.1951
BPPC_1_0_7.txt_0.5.bz2;762;0.00133705
BPPC_8_0_8.txt_0.8.bz2;2716;0.00556803
BPPC_1_0_4.txt_0.8.bz2;496;0.000358105
BPPC_5_0_4.txt_0.4.bz2;3350;0.000247002
BPPC_7_0_5.txt_0.8.bz2;2326;0.000492096
BPPC_1_0_4.txt_0.4.bz2;988;0.00329208
BPPC_6_0_3.txt_0.2.bz2;7652;0.123017
BPPC_2_0_4.txt_0.3.bz2;1562;1.8209
BPPC_8_0_7.txt_0.2.bz2;0;0
BPPC_5_0_4.txt_0.9.bz2;1215;0.000527859
BPPC_4_0_3.txt_0.2.bz2;0;0
BPPC_1_0_2.txt_0.2.bz2;1570;0.195071
BPPC_3_0_4.txt_0.9.bz2;453;0.00137281
BPPC_7_0_4.txt_0.6.bz2;3449;0.00723219
BPPC_7_0_6.txt_0.7.bz2;3330;0.00203705
BPPC_8_0_7.txt_0.4.bz2;6459;31.8916
BPPC_2_0_8.txt_0.9.bz2;411;0.000448942
BPPC_5_0_4.txt_0.2.bz2;6262;0.000566959
BPPC_1_0_8.txt_0.8.bz2;431;0.000302076
BPPC_2_0_3.txt_0.3.bz2;1487;3.27021
BPPC_1_0_7.txt_0.1.bz2;2540;1.24128
BPPC_3_0_3.txt_0.9.bz2;433;0.00103307
BPPC_4_0_1.txt_0.3.bz2;0;0
BPPC_6_0_9.txt_0.9.bz2;1569;0.00061202
BPPC_8_0_6.txt_0.4.bz2;6447;30.7829
BPPC_7_0_5.txt_0.4.bz2;5608;0.192604
BPPC_1_0_3.txt_0.9.bz2;337;0.000165939
BPPC_5_0_3.txt_0.4.bz2;3491;0.000257015
BPPC_7_0_1.txt_0.7.bz2;3038;0.00172997
BPPC_5_0_7.txt_0.9.bz2;1249;0.000254869
BPPC_1_0_5.txt_0.8.bz2;418;0.000168085
BPPC_1_0_6.txt_0.2.bz2;1538;0.198333
BPPC_7_0_10.txt_0.6.bz2;3585;0.00682688
BPPC_5_0_1.txt_0.9.bz2;1267;0.000277042
BPPC_5_0_7.txt_0.8.bz2;1550;0.000221014
BPPC_6_0_9.txt_0.6.bz2;3034;0.000520945
BPPC_5_0_10.txt_0.6.bz2;2221;0.00046277
BPPC_3_0_2.txt_0.5.bz2;1092;1.34281
BPPC_1_0_5.txt_0.3.bz2;1291;0.00799012
BPPC_3_0_2.txt_0.9.bz2;437;0.00106382
BPPC_2_0_3.txt_0.7.bz2;692;0.00162601
BPPC_6_0_1.txt_0.5.bz2;3837;0.000988007
BPPC_7_0_2.txt_0.2.bz2;9659;177.202
BPPC_5_0_1.txt_0.2.bz2;5574;0.00178409
BPPC_6_0_1.txt_0.2.bz2;7404;0.171719
BPPC_6_0_5.txt_0.6.bz2;3116;0.00131583
BPPC_4_0_6.txt_0.7.bz2;824;0.488867
BPPC_1_0_1.txt_0.1.bz2;2524;0.645421
BPPC_3_0_7.txt_0.5.bz2;1139;1.3902
BPPC_7_0_5.txt_0.5.bz2;4568;0.0230379
BPPC_7_0_9.txt_0.2.bz2;9986;137.971
BPPC_2_0_1.txt_0.4.bz2;1128;0.207744
BPPC_8_0_3.txt_0.5.bz2;5009;1.40702
BPPC_8_0_2.txt_0.5.bz2;5080;1.64286
BPPC_6_0_2.txt_0.5.bz2;3424;0.0010879
BPPC_1_0_6.txt_0.7.bz2;500;0.000412941
BPPC_8_0_7.txt_0.7.bz2;3420;0.020164
BPPC_6_0_4.txt_0.7.bz2;2318;0.000433922
BPPC_4_0_4.txt_0.8.bz2;662;0.050451
BPPC_5_0_2.txt_0.6.bz2;2432;0.000276089
BPPC_2_0_9.txt_0.5.bz2;965;0.026391
BPPC_5_0_3.txt_0.6.bz2;2428;0.000594854
BPPC_3_0_6.txt_0.8.bz2;587;0.00624895
BPPC_3_0_7.txt_0.8.bz2;572;0.0060029
BPPC_3_0_5.txt_0.3.bz2;0;0
BPPC_8_0_1.txt_0.4.bz2;6520;31.2719
BPPC_5_0_8.txt_0.1.bz2;8225;0.00276184
BPPC_8_0_10.txt_0.8.bz2;2567;0.00532198
BPPC_8_0_5.txt_0.4.bz2;6348;28.3826
BPPC_2_0_1.txt_0.2.bz2;2119;137.218
BPPC_3_0_1.txt_0.2.bz2;0;0
BPPC_8_0_5.txt_0.6.bz2;4106;0.142659
BPPC_4_0_1.txt_0.8.bz2;659;0.0496311
BPPC_1_0_4.txt_0.3.bz2;1283;0.0111969
BPPC_6_0_7.txt_0.8.bz2;1914;0.000293016
BPPC_2_0_8.txt_0.3.bz2;1660;2.13346
BPPC_8_0_9.txt_0.3.bz2;0;0
BPPC_5_0_7.txt_0.5.bz2;2839;0.000158072
BPPC_6_0_10.txt_0.7.bz2;2341;0.000555992
BPPC_1_0_2.txt_0.8.bz2;448;0.000311852
BPPC_5_0_5.txt_0.6.bz2;2649;0.000298977
BPPC_5_0_3.txt_0.1.bz2;8264;0.00298405
BPPC_3_0_7.txt_0.9.bz2;462;0.00109911
BPPC_1_0_1.txt_0.8.bz2;423;0.00036788
BPPC_2_0_10.txt_0.4.bz2;1191;0.172714
BPPC_7_0_2.txt_0.8.bz2;2286;0.000724077
BPPC_8_0_6.txt_0.9.bz2;2153;0.0010891
BPPC_1_0_9.txt_0.9.bz2;340;0.000313044
BPPC_4_0_1.txt_0.2.bz2;0;0
BPPC_8_0_2.txt_0.9.bz2;2031;0.00109696
BPPC_1_0_4.txt_0.1.bz2;2545;2.47225
BPPC_6_0_4.txt_0.4.bz2;4530;0.00385499
BPPC_2_0_2.txt_0.7.bz2;693;0.00150299
BPPC_1_0_2.txt_0.3.bz2;1269;0.0107481
BPPC_8_0_8.txt_0.5.bz2;5141;1.16175
BPPC_7_0_3.txt_0.3.bz2;7694;1.68121
BPPC_7_0_5.txt_0.9.bz2;1805;0.000458002
BPPC_4_0_9.txt_0.6.bz2;1030;5.69416
BPPC_3_0_9.txt_0.6.bz2;850;0.152157
BPPC_6_0_9.txt_0.2.bz2;7452;0.10151
BPPC_1_0_3.txt_0.3.bz2;1308;0.00888014
BPPC_5_0_5.txt_0.2.bz2;6088;0.000645876
BPPC_2_0_2.txt_0.5.bz2;921;0.0266299
BPPC_5_0_6.txt_0.2.bz2;5498;0.00127983
BPPC_8_0_5.txt_0.8.bz2;2602;0.00648499
BPPC_7_0_6.txt_0.2.bz2;10048;99.4167
BPPC_4_0_6.txt_0.9.bz2;494;0.00953293
BPPC_1_0_9.txt_0.6.bz2;595;0.000604868
BPPC_7_0_6.txt_0.8.bz2;2395;0.000689983
BPPC_5_0_8.txt_0.4.bz2;3238;0.000576019
BPPC_8_0_10.txt_0.2.bz2;0;0
BPPC_6_0_9.txt_0.5.bz2;3486;0.00107718
BPPC_3_0_6.txt_0.4.bz2;1426;28.3017
BPPC_1_0_10.txt_0.1.bz2;2411;2.56014
BPPC_4_0_5.txt_0.3.bz2;0;0
BPPC_5_0_6.txt_0.3.bz2;4088;0.000628948
BPPC_4_0_3.txt_0.1.bz2;0;0
BPPC_5_0_5.txt_0.5.bz2;2815;0.000302792
BPPC_8_0_4.txt_0.9.bz2;1917;0.00115013
BPPC_3_0_8.txt_0.2.bz2;0;0
BPPC_2_0_5.txt_0.6.bz2;789;0.00640297
BPPC_2_0_8.txt_0.7.bz2;656;0.0014739
BPPC_2_0_7.txt_0.2.bz2;2102;117.266
BPPC_3_0_8.txt_0.6.bz2;997;0.13012
BPPC_1_0_2.txt_0.5.bz2;760;0.001019
BPPC_1_0_5.txt_0.5.bz2;787;0.00104094
BPPC_4_0_1.txt_0.7.bz2;796;0.489247
BPPC_3_0_4.txt_0.1.bz2;0;0
BPPC_4_0_5.txt_0.2.bz2;0;0
BPPC_1_0_6.txt_0.9.bz2;308;0.00048995
BPPC_1_0_4.txt_0.2.bz2;1697;0.123415
BPPC_4_0_8.txt_0.9.bz2;504;0.00893807
BPPC_4_0_7.txt_0.7.bz2;882;0.442093
BPPC_4_0_3.txt_0.6.bz2;1049;6.49407
BPPC_8_0_1.txt_0.6.bz2;4152;0.146626
BPPC_5_0_9.txt_0.7.bz2;2157;0.000552893
BPPC_3_0_9.txt_0.1.bz2;0;0
BPPC_8_0_5.txt_0.2.bz2;0;0
BPPC_7_0_2.txt_0.4.bz2;5493;0.153414
BPPC_1_0_5.txt_0.2.bz2;1684;0.125469
BPPC_6_0_8.txt_0.4.bz2;4594;0.00271893
BPPC_3_0_8.txt_0.8.bz2;579;0.00578594
BPPC_8_0_2.txt_0.1.bz2;0;0
BPPC_7_0_2.txt_0.5.bz2;4479;0.0222099
BPPC_6_0_4.txt_0.6.bz2;2804;0.000557184
BPPC_2_0_1.txt_0.1.bz2;0;0
BPPC_5_0_5.txt_0.3.bz2;4477;0.000633001
BPPC_3_0_4.txt_0.5.bz2;1121;1.5197
BPPC_2_0_7.txt_0.3.bz2;1517;2.6913
BPPC_3_0_9.txt_0.7.bz2;751;0.0170908
BPPC_8_0_4.txt_0.6.bz2;4025;0.15829
BPPC_4_0_4.txt_0.5.bz2;1271;156.928
BPPC_1_0_6.txt_0.5.bz2;774;0.00108695
BPPC_4_0_9.txt_0.5.bz2;1296;154.808
BPPC_3_0_2.txt_0.3.bz2;0;0
BPPC_1_0_3.txt_0.8.bz2;412;0.000313997
BPPC_4_0_1.txt_0.9.bz2;504;0.009027
BPPC_8_0_6.txt_0.7.bz2;3323;0.0240371
BPPC_3_0_5.txt_0.8.bz2;579;0.00657201
BPPC_5_0_3.txt_0.5.bz2;2995;0.00054121
BPPC_6_0_5.txt_0.7.bz2;2640;0.000597
BPPC_8_0_7.txt_0.8.bz2;2545;0.0048461
BPPC_1_0_5.txt_0.6.bz2;633;0.0006001
BPPC_8_0_10.txt_0.7.bz2;3359;0.022449
BPPC_8_0_5.txt_0.3.bz2;0;0
BPPC_3_0_3.txt_0.1.bz2;0;0
BPPC_2_0_2.txt_0.2.bz2;2106;232.161
BPPC_1_0_10.txt_0.9.bz2;370;0.000241041
BPPC_4_0_2.txt_0.7.bz2;914;0.45232
BPPC_3_0_6.txt_0.2.bz2;0;0
BPPC_7_0_7.txt_0.1.bz2;0;0
BPPC_2_0_4.txt_0.8.bz2;495;0.000739813
BPPC_8_0_7.txt_0.9.bz2;2070;0.00145984
BPPC_2_0_9.txt_0.4.bz2;1262;0.182384
BPPC_6_0_8.txt_0.8.bz2;2055;0.00058794
BPPC_5_0_10.txt_0.1.bz2;8230;0.003052
BPPC_3_0_8.txt_0.1.bz2;0;0
BPPC_4_0_7.txt_0.6.bz2;993;6.19177
BPPC_5_0_1.txt_0.5.bz2;2828;0.000306129
BPPC_2_0_4.txt_0.9.bz2;424;0.00046587
BPPC_7_0_7.txt_0.2.bz2;9805;163.014
BPPC_5_0_1.txt_0.1.bz2;8307;0.00537515
BPPC_3_0_10.txt_0.8.bz2;543;0.005862
BPPC_6_0_5.txt_0.1.bz2;12004;4.21323
BPPC_3_0_5.txt_0.5.bz2;1133;1.21771
BPPC_7_0_9.txt_0.7.bz2;3007;0.003016
BPPC_1_0_3.txt_0.7.bz2;541;0.000422001
BPPC_8_0_6.txt_0.6.bz2;4101;0.158775
BPPC_7_0_10.txt_0.4.bz2;5539;0.18572
BPPC_1_0_6.txt_0.4.bz2;944;0.00307202
BPPC_3_0_5.txt_0.1.bz2;0;0
BPPC_3_0_1.txt_0.6.bz2;935;0.13542
BPPC_6_0_4.txt_0.2.bz2;7520;0.126055
BPPC_8_0_3.txt_0.8.bz2;2495;0.00672317
BPPC_4_0_10.txt_0.6.bz2;1015;6.7745
BPPC_4_0_7.txt_0.3.bz2;0;0
BPPC_8_0_10.txt_0.5.bz2;5145;1.41365
BPPC_2_0_10.txt_0.6.bz2;763;0.00633192
BPPC_5_0_10.txt_0.8.bz2;1507;0.000333071
BPPC_6_0_3.txt_0.3.bz2;5607;0.01087
BPPC_6_0_7.txt_0.4.bz2;4232;0.0036099
BPPC_3_0_3.txt_0.4.bz2;1390;28.5858
BPPC_6_0_6.txt_0.5.bz2;3682;0.00132895
BPPC_5_0_4.txt_0.8.bz2;1672;0.000251055
BPPC_1_0_9.txt_0.2.bz2;1830;0.0483012
BPPC_2_0_10.txt_0.2.bz2;2119;138.482
BPPC_2_0_9.txt_0.3.bz2;1571;3.25029
BPPC_7_0_8.txt_0.6.bz2;4141;0.004704
BPPC_4_0_4.txt_0.1.bz2;0;0
BPPC_6_0_1.txt_0.4.bz2;4528;0.00372386
BPPC_8_0_2.txt_0.3.bz2;0;0
BPPC_2_0_10.txt_0.1.bz2;0;0
BPPC_3_0_8.txt_0.3.bz2;0;0
BPPC_8_0_8.txt_0.2.bz2;0;0
BPPC_1_0_7.txt_0.7.bz2;547;0.000505924
BPPC_8_0_1.txt_0.8.bz2;2664;0.00535297
BPPC_8_0_4.txt_0.4.bz2;6467;26.1157
BPPC_1_0_6.txt_0.3.bz2;1230;0.018934
BPPC_8_0_8.txt_0.6.bz2;4329;0.134804
BPPC_8_0_1.txt_0.7.bz2;3365;0.022362
BPPC_7_0_4.txt_0.9.bz2;1899;0.000422001
BPPC_8_0_8.txt_0.7.bz2;3326;0.0221
BPPC_8_0_5.txt_0.5.bz2;5012;1.68494
BPPC_2_0_3.txt_0.6.bz2;792;0.00738287
BPPC_5_0_9.txt_0.4.bz2;3867;0.000344038
BPPC_6_0_6.txt_0.4.bz2;4331;0.00442696
BPPC_3_0_7.txt_0.6.bz2;938;0.14237
BPPC_6_0_4.txt_0.5.bz2;3535;0.00108695
BPPC_5_0_8.txt_0.7.bz2;1968;0.000207901
BPPC_5_0_2.txt_0.1.bz2;8180;0.00174594
BPPC_1_0_9.txt_0.5.bz2;872;0.001055
BPPC_2_0_9.txt_0.7.bz2;608;0.001616
BPPC_5_0_6.txt_0.1.bz2;8614;0.00111222
BPPC_5_0_9.txt_0.1.bz2;8063;0.00335097
BPPC_4_0_8.txt_0.1.bz2;0;0
BPPC_8_0_4.txt_0.8.bz2;2538;0.00581503
BPPC_6_0_7.txt_0.2.bz2;7639;0.103483
BPPC_3_0_9.txt_0.8.bz2;606;0.00625205
BPPC_4_0_10.txt_0.1.bz2;0;0
BPPC_4_0_10.txt_0.3.bz2;0;0
BPPC_7_0_3.txt_0.4.bz2;5405;0.167521
BPPC_3_0_4.txt_0.6.bz2;919;0.145373
BPPC_2_0_9.txt_0.1.bz2;0;0
BPPC_3_0_8.txt_0.4.bz2;1514;24.0512
BPPC_5_0_4.txt_0.1.bz2;8214;0.00254989
BPPC_7_0_1.txt_0.1.bz2;0;0
BPPC_4_0_6.txt_0.5.bz2;1291;156.697
BPPC_8_0_8.txt_0.1.bz2;0;0
BPPC_6_0_4.txt_0.9.bz2;1540;0.000317812
BPPC_4_0_8.txt_0.8.bz2;697;0.049763
BPPC_4_0_1.txt_0.4.bz2;0;0
BPPC_2_0_8.txt_0.4.bz2;1259;0.153544
BPPC_5_0_8.txt_0.3.bz2;4294;0.000533819
BPPC_5_0_2.txt_0.2.bz2;5920;0.000580072
BPPC_7_0_9.txt_0.4.bz2;5472;0.19489
BPPC_3_0_9.txt_0.9.bz2;445;0.000983953
BPPC_5_0_6.txt_0.6.bz2;2336;0.000273228
BPPC_6_0_10.txt_0.2.bz2;7544;0.130734
BPPC_6_0_1.txt_0.9.bz2;1488;0.000257969
BPPC_8_0_8.txt_0.3.bz2;0;0
BPPC_5_0_8.txt_0.6.bz2;2620;0.000236988
BPPC_6_0_1.txt_0.7.bz2;2469;0.000422001
BPPC_2_0_2.txt_0.9.bz2;398;0.000478983
BPPC_4_0_8.txt_0.3.bz2;0;0
BPPC_5_0_10.txt_0.3.bz2;4483;0.000442982
BPPC_6_0_6.txt_0.6.bz2;2863;0.00039506
BPPC_2_0_5.txt_0.9.bz2;388;0.000438929
BPPC_6_0_8.txt_0.7.bz2;2491;0.000418901
BPPC_4_0_2.txt_0.1.bz2;0;0
BPPC_6_0_2.txt_0.7.bz2;2202;0.00113201
BPPC_4_0_10.txt_0.8.bz2;665;0.0475159
BPPC_1_0_8.txt_0.4.bz2;998;0.00301409
BPPC_6_0_5.txt_0.8.bz2;2013;0.000324965
BPPC_3_0_6.txt_0.9.bz2;481;0.00101399
BPPC_8_0_3.txt_0.3.bz2;0;0
BPPC_7_0_7.txt_0.7.bz2;2862;0.00165105
BPPC_6_0_7.txt_0.5.bz2;3610;0.00199389
BPPC_7_0_1.txt_0.5.bz2;4511;0.024909
BPPC_3_0_6.txt_0.3.bz2;0;0
BPPC_1_0_8.txt_0.6.bz2;619;0.000555992
BPPC_3_0_7.txt_0.2.bz2;0;0
BPPC_3_0_2.txt_0.2.bz2;0;0
BPPC_2_0_3.txt_0.4.bz2;1232;0.175008
BPPC_5_0_3.txt_0.3.bz2;4419;0.000547171
BPPC_3_0_4.txt_0.2.bz2;0;0
BPPC_8_0_7.txt_0.5.bz2;4966;1.53082
BPPC_8_0_1.txt_0.9.bz2;2064;0.001158
BPPC_6_0_6.txt_0.7.bz2;2267;0.000617981
BPPC_4_0_4.txt_0.3.bz2;0;0
BPPC_2_0_4.txt_0.6.bz2;774;0.00694203
BPPC_7_0_1.txt_0.2.bz2;10119;110.427
BPPC_6_0_2.txt_0.2.bz2;7407;0.188263
BPPC_1_0_2.txt_0.1.bz2;2527;3.32461
BPPC_3_0_10.txt_0.3.bz2;0;0
BPPC_1_0_6.txt_0.1.bz2;2534;1.74171
BPPC_8_0_9.txt_0.2.bz2;0;0
BPPC_4_0_1.txt_0.1.bz2;0;0
BPPC_7_0_2.txt_0.7.bz2;3088;0.00177717
BPPC_8_0_2.txt_0.7.bz2;3347;0.020946
BPPC_4_0_9.txt_0.9.bz2;490;0.00927401
BPPC_5_0_8.txt_0.5.bz2;2737;0.000160933
BPPC_4_0_8.txt_0.4.bz2;0;0
BPPC_6_0_7.txt_0.3.bz2;5462;0.0151041
BPPC_6_0_9.txt_0.3.bz2;5546;0.0148242
BPPC_2_0_8.txt_0.8.bz2;527;0.000735998
BPPC_7_0_9.txt_0.5.bz2;4400;0.026243
BPPC_5_0_6.txt_0.4.bz2;3511;0.000386953
BPPC_7_0_9.txt_0.9.bz2;1740;0.000637054
BPPC_6_0_9.txt_0.7.bz2;2334;0.000370026
BPPC_3_0_6.txt_0.7.bz2;724;0.0210259
BPPC_2_0_1.txt_0.8.bz2;479;0.000785112
BPPC_6_0_10.txt_0.5.bz2;3457;0.00113106
BPPC_7_0_10.txt_0.5.bz2;4236;0.0290821
BPPC_8_0_9.txt_0.9.bz2;2060;0.00114894
BPPC_4_0_4.txt_0.2.bz2;0;0
BPPC_8_0_6.txt_0.1.bz2;0;0
BPPC_2_0_7.txt_0.4.bz2;1252;0.147666
BPPC_4_0_10.txt_0.2.bz2;0;0
BPPC_3_0_6.txt_0.5.bz2;1123;1.46542
BPPC_2_0_5.txt_0.8.bz2;519;0.000993013
BPPC_7_0_10.txt_0.3.bz2;7117;2.54879
BPPC_5_0_1.txt_0.6.bz2;2257;0.000311852
BPPC_2_0_3.txt_0.5.bz2;995;0.023504
BPPC_1_0_10.txt_0.8.bz2;430;0.00019598
BPPC_5_0_3.txt_0.7.bz2;1971;0.000313044
BPPC_4_0_9.txt_0.7.bz2;838;0.494578
BPPC_1_0_4.txt_0.9.bz2;334;0.000319004
BPPC_6_0_10.txt_0.8.bz2;2136;0.000521183
BPPC_4_0_9.txt_0.8.bz2;707;0.044544
BPPC_6_0_3.txt_0.7.bz2;2444;0.000340939
BPPC_3_0_9.txt_0.2.bz2;0;0
BPPC_7_0_7.txt_0.8.bz2;2267;0.000785112
BPPC_2_0_8.txt_0.5.bz2;1000;0.025506
BPPC_4_0_6.txt_0.8.bz2;678;0.0495088
BPPC_3_0_1.txt_0.7.bz2;727;0.023093
BPPC_7_0_10.txt_0.8.bz2;2328;0.000699043
BPPC_5_0_2.txt_0.5.bz2;2883;0.000162125
BPPC_7_0_3.txt_0.1.bz2;0;0
BPPC_3_0_3.txt_0.2.bz2;0;0
BPPC_5_0_10.txt_0.2.bz2;5553;0.000940084
BPPC_4_0_8.txt_0.5.bz2;1273;153.974
BPPC_7_0_6.txt_0.4.bz2;5337;0.194877
BPPC_2_0_10.txt_0.5.bz2;913;0.025727
BPPC_1_0_7.txt_0.4.bz2;861;0.004848
BPPC_3_0_1.txt_0.3.bz2;0;0
BPPC_3_0_8.txt_0.7.bz2;726;0.022332
BPPC_7_0_4.txt_0.2.bz2;10219;79.5701
BPPC_6_0_10.txt_0.1.bz2;11992;1.24934
BPPC_4_0_3.txt_0.3.bz2;0;0
BPPC_3_0_9.txt_0.4.bz2;1439;28.0941
BPPC_2_0_9.txt_0.6.bz2;772;0.00560498
BPPC_5_0_2.txt_0.7.bz2;1956;0.000198126
BPPC_2_0_6.txt_0.9.bz2;403;0.000438929
BPPC_3_0_1.txt_0.5.bz2;1119;1.24793
BPPC_7_0_9.txt_0.3.bz2;7342;2.42188
BPPC_4_0_5.txt_0.4.bz2;0;0
BPPC_1_0_1.txt_0.6.bz2;623;0.0006001
BPPC_7_0_8.txt_0.4.bz2;5308;0.225874
BPPC_1_0_4.txt_0.7.bz2;504;0.000469923
BPPC_3_0_2.txt_0.6.bz2;872;0.146928
BPPC_4_0_4.txt_0.9.bz2;500;0.008358
BPPC_5_0_1.txt_0.4.bz2;3675;0.00017786
BPPC_4_0_8.txt_0.6.bz2;1034;6.22872
BPPC_4_0_10.txt_0.7.bz2;830;0.516977
BPPC_5_0_4.txt_0.3.bz2;4455;0.000440836
BPPC_4_0_2.txt_0.5.bz2;1284;163.426
BPPC_7_0_9.txt_0.8.bz2;2280;0.000674963
BPPC_1_0_2.txt_0.7.bz2;544;0.000386
BPPC_5_0_2.txt_0.3.bz2;4322;0.000518084
BPPC_1_0_1.txt_0.7.bz2;563;0.000540018
BPPC_7_0_10.txt_0.7.bz2;2851;0.00282502
BPPC_5_0_6.txt_0.5.bz2;2823;0.000146866
BPPC_4_0_5.txt_0.7.bz2;851;0.513256
BPPC_5_0_8.txt_0.8.bz2;1454;0.000452042
BPPC_2_0_1.txt_0.9.bz2;410;0.000461102
BPPC_4_0_6.txt_0.3.bz2;0;0
BPPC_4_0_5.txt_0.9.bz2;499;0.00935507
BPPC_8_0_2.txt_0.2.bz2;0;0
BPPC_1_0_8.txt_0.9.bz2;284;0.000921965
BPPC_1_0_5.txt_0.9.bz2;334;0.000452042
BPPC_1_0_1.txt_0.5.bz2;744;0.00110507
BPPC_5_0_7.txt_0.4.bz2;3492;0.00036788
BPPC_1_0_1.txt_0.9.bz2;325;0.000299931
BPPC_5_0_5.txt_0.4.bz2;3477;0.000472069
BPPC_3_0_10.txt_0.6.bz2;936;0.144148
BPPC_5_0_9.txt_0.9.bz2;1352;0.000372171
BPPC_8_0_9.txt_0.5.bz2;5021;1.46245
BPPC_6_0_9.txt_0.1.bz2;12473;0.574888
BPPC_8_0_8.txt_0.4.bz2;6519;25.8985
BPPC_6_0_5.txt_0.2.bz2;7626;0.160106
BPPC_2_0_6.txt_0.8.bz2;503;0.000609159
BPPC_3_0_5.txt_0.6.bz2;913;0.145337
BPPC_1_0_7.txt_0.6.bz2;627;0.000545979
BPPC_1_0_7.txt_0.8.bz2;404;0.000381947
BPPC_2_0_3.txt_0.8.bz2;527;0.000792027
BPPC_6_0_4.txt_0.8.bz2;1862;0.000292063
BPPC_2_0_8.txt_0.1.bz2;0;0
BPPC_6_0_10.txt_0.9.bz2;1600;0.000254869
BPPC_2_0_1.txt_0.5.bz2;933;0.0282109
BPPC_6_0_4.txt_0.1.bz2;11738;0.841859
BPPC_8_0_4.txt_0.1.bz2;0;0
BPPC_4_0_3.txt_0.4.bz2;0;0
BPPC_2_0_7.txt_0.8.bz2;498;0.000849009
BPPC_6_0_2.txt_0.6.bz2;2820;0.00049305
BPPC_2_0_5.txt_0.5.bz2;940;0.029578
BPPC_6_0_3.txt_0.8.bz2;1853;0.000205994
BPPC_6_0_3.txt_0.9.bz2;1478;0.000244141
BPPC_4_0_9.txt_0.1.bz2;0;0
BPPC_3_0_5.txt_0.4.bz2;1429;24.8616
BPPC_8_0_9.txt_0.7.bz2;3301;0.0224109
BPPC_6_0_2.txt_0.3.bz2;5653;0.0116501
BPPC_2_0_3.txt_0.9.bz2;391;0.000560045
BPPC_1_0_4.txt_0.6.bz2;609;0.00054884
BPPC_4_0_7.txt_0.4.bz2;0;0
BPPC_7_0_7.txt_0.6.bz2;3473;0.00724101
BPPC_3_0_10.txt_0.2.bz2;0;0
BPPC_7_0_8.txt_0.7.bz2;3188;0.00318909
BPPC_7_0_4.txt_0.5.bz2;4550;0.0276709
BPPC_8_0_8.txt_0.9.bz2;2167;0.00118303
BPPC_6_0_10.txt_0.4.bz2;4439;0.00352097
BPPC_1_0_2.txt_0.6.bz2;648;0.000667095
BPPC_8_0_6.txt_0.3.bz2;0;0
BPPC_7_0_10.txt_0.9.bz2;1783;0.000403881
BPPC_1_0_2.txt_0.4.bz2;942;0.00401187
BPPC_3_0_6.txt_0.1.bz2;0;0
BPPC_7_0_4.txt_0.3.bz2;7068;2.6714
BPPC_6_0_6.txt_0.8.bz2;2105;0.000494003
BPPC_8_0_1.txt_0.5.bz2;5063;1.46807
BPPC_7_0_8.txt_0.5.bz2;4442;0.025044
BPPC_1_0_10.txt_0.3.bz2;1129;0.0146391
BPPC_8_0_2.txt_0.8.bz2;2658;0.00584078
BPPC_1_0_7.txt_0.2.bz2;1597;0.114774
BPPC_5_0_10.txt_0.9.bz2;1189;0.000305176
BPPC_1_0_3.txt_0.6.bz2;563;0.000589132
BPPC_8_0_2.txt_0.4.bz2;6488;28.1725
BPPC_2_0_5.txt_0.2.bz2;2176;133.455
BPPC_8_0_1.txt_0.3.bz2;0;0
BPPC_4_0_6.txt_0.2.bz2;0;0
BPPC_4_0_7.txt_0.5.bz2;1273;164.092
BPPC_1_0_7.txt_0.3.bz2;1228;0.0174332
BPPC_8_0_9.txt_0.6.bz2;3942;0.159198
BPPC_1_0_8.txt_0.3.bz2;1269;0.00834799
BPPC_3_0_6.txt_0.6.bz2;902;0.145073
BPPC_1_0_9.txt_0.4.bz2;1035;0.00572801
BPPC_8_0_2.txt_0.6.bz2;4125;0.156148
BPPC_2_0_2.txt_0.6.bz2;776;0.007195
BPPC_2_0_2.txt_0.4.bz2;1208;0.190695
BPPC_1_0_6.txt_0.8.bz2;449;0.000272036
BPPC_8_0_10.txt_0.3.bz2;0;0
BPPC_2_0_10.txt_0.3.bz2;1523;3.44871
BPPC_3_0_10.txt_0.1.bz2;0;0
BPPC_2_0_7.txt_0.9.bz2;396;0.000474215
BPPC_2_0_7.txt_0.5.bz2;961;0.0243971
BPPC_1_0_3.txt_0.2.bz2;1593;0.111124
BPPC_5_0_10.txt_0.5.bz2;3088;0.00032711
BPPC_4_0_2.txt_0.6.bz2;1013;6.28136
BPPC_4_0_2.txt_0.4.bz2;0;0
BPPC_2_0_6.txt_0.3.bz2;1492;3.36488
BPPC_6_0_1.txt_0.8.bz2;1869;0.00033617
BPPC_5_0_4.txt_0.6.bz2;2468;0.000228882
BPPC_7_0_3.txt_0.5.bz2;4325;0.0268722
BPPC_4_0_4.txt_0.6.bz2;1054;6.34057
BPPC_3_0_2.txt_0.8.bz2;622;0.00638008
BPPC_6_0_6.txt_0.1.bz2;11921;1.65207
BPPC_5_0_2.txt_0.4.bz2;3458;0.000340939
BPPC_8_0_7.txt_0.1.bz2;0;0
BPPC_2_0_10.txt_0.9.bz2;422;0.000771046
BPPC_3_0_8.txt_0.5.bz2;1123;1.45687
BPPC_2_0_7.txt_0.7.bz2;670;0.00198317
BPPC_4_0_5.txt_0.8.bz2;665;0.0515521
BPPC_2_0_10.txt_0.7.bz2;625;0.00170207
BPPC_3_0_5.txt_0.2.bz2;0;0
BPPC_6_0_3.txt_0.6.bz2;3224;0.000519991
BPPC_8_0_7.txt_0.3.bz2;0;0
BPPC_2_0_9.txt_0.9.bz2;396;0.000355959
BPPC_6_0_5.txt_0.4.bz2;4404;0.00421906
BPPC_5_0_7.txt_0.2.bz2;6036;0.000847816
BPPC_4_0_2.txt_0.3.bz2;0;0
BPPC_1_0_5.txt_0.1.bz2;2591;1.61786
BPPC_4_0_9.txt_0.3.bz2;0;0
BPPC_6_0_1.txt_0.3.bz2;5612;0.0133321
BPPC_2_0_4.txt_0.7.bz2;649;0.00143313
BPPC_1_0_3.txt_0.4.bz2;941;0.00370407
BPPC_3_0_10.txt_0.5.bz2;1106;1.47952
BPPC_2_0_6.txt_0.2.bz2;2118;149.384
BPPC_5_0_10.txt_0.7.bz2;2018;0.00019598
BPPC_5_0_1.txt_0.3.bz2;4357;0.000404119
BPPC_2_0_4.txt_0.5.bz2;998;0.0254841
BPPC_4_0_1.txt_0.5.bz2;1278;141.89
BPPC_3_0_3.txt_0.6.bz2;943;0.124541
BPPC_4_0_6.txt_0.4.bz2;0;0
BPPC_6_0_10.txt_0.3.bz2;5565;0.015681
BPPC_8_0_10.txt_0.4.bz2;6336;34.0135
BPPC_5_0_8.txt_0.2.bz2;5538;0.00163603
BPPC_7_0_3.txt_0.9.bz2;1772;0.000459909
BPPC_7_0_2.txt_0.3.bz2;7088;2.65759
BPPC_4_0_7.txt_0.2.bz2;0;0
BPPC_7_0_3.txt_0.6.bz2;3570;0.00581408
BPPC_8_0_1.txt_0.2.bz2;0;0
BPPC_3_0_2.txt_0.7.bz2;705;0.019347
BPPC_4_0_3.txt_0.5.bz2;1298;152.876
BPPC_1_0_1.txt_0.2.bz2;1601;0.162076
BPPC_5_0_4.txt_0.7.bz2;1904;8.08239e-05
BPPC_1_0_10.txt_0.5.bz2;729;0.00193
BPPC_5_0_6.txt_0.7.bz2;1836;8.79765e-05
BPPC_5_0_6.txt_0.9.bz2;1317;8.79765e-05
BPPC_7_0_1.txt_0.3.bz2;7183;2.8014
BPPC_4_0_3.txt_0.8.bz2;670;0.0510421
BPPC_4_0_8.txt_0.2.bz2;0;0
BPPC_5_0_6.txt_0.8.bz2;1651;9.39369e-05
BPPC_1_0_2.txt_0.9.bz2;301;0.000261068
BPPC_2_0_6.txt_0.6.bz2;790;0.00588989
BPPC_4_0_6.txt_0.6.bz2;1069;5.30968
BPPC_6_0_3.txt_0.4.bz2;4233;0.00442982
BPPC_2_0_9.txt_0.8.bz2;530;0.000598907
BPPC_7_0_1.txt_0.6.bz2;3542;0.00767684
BPPC_4_0_10.txt_0.9.bz2;518;0.0085218
BPPC_3_0_10.txt_0.4.bz2;1386;28.5532
BPPC_3_0_10.txt_0.7.bz2;690;0.0250411
BPPC_8_0_6.txt_0.8.bz2;2772;0.00556803
BPPC_6_0_8.txt_0.2.bz2;7903;0.067126
BPPC_4_0_7.txt_0.9.bz2;520;0.00832605
BPPC_4_0_2.txt_0.8.bz2;670;0.048763
BPPC_3_0_3.txt_0.3.bz2;0;0
BPPC_5_0_2.txt_0.8.bz2;1524;0.000239849
BPPC_7_0_8.txt_0.9.bz2;1743;0.000659943
BPPC_5_0_9.txt_0.6.bz2;2163;0.000317097
BPPC_6_0_2.txt_0.1.bz2;11871;1.26397
BPPC_3_0_3.txt_0.5.bz2;1101;1.54186
BPPC_3_0_7.txt_0.1.bz2;0;0
BPPC_8_0_4.txt_0.7.bz2;3395;0.021966
BPPC_4_0_2.txt_0.9.bz2;497;0.0085392
BPPC_5_0_3.txt_0.2.bz2;6042;0.00104284
BPPC_2_0_6.txt_0.4.bz2;1241;0.17901
BPPC_7_0_6.txt_0.3.bz2;7233;2.00658
BPPC_7_0_6.txt_0.6.bz2;3675;0.00685
BPPC_2_0_9.txt_0.2.bz2;2170;124.781
BPPC_1_0_9.txt_0.1.bz2;2680;1.5096
BPPC_5_0_7.txt_0.7.bz2;1938;8.60691e-05
BPPC_5_0_1.txt_0.7.bz2;2226;7.89165e-05
BPPC_6_0_9.txt_0.8.bz2;1898;0.000159979
BPPC_7_0_1.txt_0.9.bz2;1907;0.00041604
BPPC_7_0_5.txt_0.6.bz2;3465;0.00722718
BPPC_7_0_9.txt_0.6.bz2;3600;0.0061481
BPPC_3_0_1.txt_0.4.bz2;1374;27.4011
BPPC_1_0_9.txt_0.3.bz2;1212;0.0140779
BPPC_8_0_3.txt_0.2.bz2;0;0
BPPC_1_0_8.txt_0.5.bz2;743;0.00113106
BPPC_8_0_10.txt_0.1.bz2;0;0
BPPC_6_0_6.txt_0.3.bz2;5563;0.0149999
BPPC_3_0_1.txt_0.1.bz2;0;0
BPPC_4_0_10.txt_0.4.bz2;0;0
BPPC_7_0_1.txt_0.8.bz2;2295;0.000617981
BPPC_5_0_10.txt_0.4.bz2;3657;0.000303984
BPPC_2_0_1.txt_0.6.bz2;779;0.00675702
BPPC_1_0_3.txt_0.5.bz2;825;0.000859022
BPPC_4_0_5.txt_0.1.bz2;0;0
BPPC_3_0_7.txt_0.3.bz2;0;0
BPPC_2_0_6.txt_0.1.bz2;0;0
BPPC_4_0_3.txt_0.9.bz2;484;0.00867605
BPPC_7_0_6.txt_0.1.bz2;0;0
BPPC_6_0_1.txt_0.6.bz2;2757;0.000487089
BPPC_8_0_4.txt_0.5.bz2;5207;1.2536
BPPC_7_0_2.txt_0.6.bz2;3562;0.00690198
BPPC_7_0_4.txt_0.4.bz2;5378;0.215075
BPPC_1_0_3.txt_0.1.bz2;2492;1.25241
BPPC_1_0_5.txt_0.7.bz2;534;0.000235081
BPPC_6_0_5.txt_0.3.bz2;5560;0.013905
BPPC_7_0_7.txt_0.4.bz2;5474;0.196821
BPPC_1_0_8.txt_0.7.bz2;499;0.000243902
BPPC_7_0_5.txt_0.3.bz2;7186;2.89322
BPPC_5_0_2.txt_0.9.bz2;1393;0.000257015
BPPC_3_0_2.txt_0.1.bz2;0;0
BPPC_4_0_4.txt_0.7.bz2;850;0.436777
BPPC_1_0_8.txt_0.2.bz2;1600;0.128757
BPPC_7_0_3.txt_0.2.bz2;9941;95.2372
BPPC_3_0_2.txt_0.4.bz2;1404;28.6608
BPPC_3_0_1.txt_0.9.bz2;449;0.00103998
BPPC_2_0_2.txt_0.3.bz2;1489;3.38488
BPPC_4_0_10.txt_0.5.bz2;1264;157.022
BPPC_4_0_6.txt_0.1.bz2;0;0
BPPC_2_0_6.txt_0.5.bz2;991;0.0244889
BPPC_8_0_4.txt_0.2.bz2;0;0
BPPC_2_0_5.txt_0.4.bz2;1201;0.177949
BPPC_2_0_3.txt_0.2.bz2;2143;151.321
BPPC_7_0_7.txt_0.3.bz2;6923;2.80109
BPPC_8_0_6.txt_0.2.bz2;0;0
BPPC_3_0_7.txt_0.4.bz2;1446;25.2582
BPPC_2_0_7.txt_0.1.bz2;0;0
BPPC_7_0_6.txt_0.5.bz2;4261;0.026509
BPPC_5_0_4.txt_0.5.bz2;2711;0.000146151
BPPC_2_0_3.txt_0.1.bz2;0;0
BPPC_7_0_4.txt_0.7.bz2;2830;0.00154996
BPPC_2_0_4.txt_0.1.bz2;0;0
BPPC_6_0_9.txt_0.4.bz2;4352;0.0028789
BPPC_8_0_10.txt_0.9.bz2;1998;0.000937939
BPPC_3_0_3.txt_0.7.bz2;758;0.016273
BPPC_1_0_1.txt_0.4.bz2;947;0.00297117
BPPC_5_0_5.txt_0.8.bz2;1710;8.60691e-05
BPPC_2_0_1.txt_0.7.bz2;649;0.00160599
BPPC_6_0_7.txt_0.1.bz2;12422;0.804659
BPPC_6_0_6.txt_0.2.bz2;7829;0.0856981
BPPC_1_0_10.txt_0.6.bz2;601;0.000577211
BPPC_6_0_2.txt_0.9.bz2;1529;0.000309944
BPPC_7_0_9.txt_0.1.bz2;0;0
BPPC_3_0_9.txt_0.3.bz2;0;0
BPPC_2_0_4.txt_0.4.bz2;1199;0.154003
BPPC_2_0_5.txt_0.1.bz2;0;0
BPPC_6_0_2.txt_0.4.bz2;4331;0.003093
BPPC_7_0_5.txt_0.7.bz2;3306;0.0012331
BPPC_7_0_3.txt_0.8.bz2;2229;0.000597954
BPPC_1_0_10.txt_0.2.bz2;1676;0.069782
BPPC_3_0_3.txt_0.8.bz2;567;0.0039649
BPPC_8_0_5.txt_0.1.bz2;0;0
BPPC_1_0_9.txt_0.8.bz2;433;0.000161886
BPPC_7_0_4.txt_0.1.bz2;0;0
BPPC_1_0_6.txt_0.6.bz2;611;0.00049305
BPPC_6_0_7.txt_0.7.bz2;2282;0.000238895
BPPC_6_0_8.txt_0.3.bz2;5707;0.0135269
BPPC_7_0_3.txt_0.7.bz2;2838;0.00141501
BPPC_8_0_6.txt_0.5.bz2;5134;1.28547
BPPC_4_0_8.txt_0.7.bz2;823;0.487954
BPPC_4_0_5.txt_0.6.bz2;994;6.51561
BPPC_5_0_9.txt_0.2.bz2;6118;0.00090003
BPPC_1_0_10.txt_0.7.bz2;534;0.000271082
BPPC_6_0_8.txt_0.6.bz2;3105;0.000349045
BPPC_8_0_9.txt_0.1.bz2;0;0
BPPC_3_0_4.txt_0.8.bz2;581;0.0040009
BPPC_6_0_5.txt_0.9.bz2;1476;0.000134945
BPPC_2_0_5.txt_0.7.bz2;617;0.00154495
BPPC_7_0_10.txt_0.2.bz2;9695;146.463
BPPC_2_0_5.txt_0.3.bz2;1515;2.65028
BPPC_3_0_4.txt_0.3.bz2;0;0
BPPC_1_0_5.txt_0.4.bz2;981;0.00244784
BPPC_7_0_8.txt_0.3.bz2;6977;3.30219
BPPC_5_0_9.txt_0.5.bz2;3015;0.000160933
BPPC_7_0_5.txt_0.1.bz2;0;0
BPPC_6_0_3.txt_0.5.bz2;3688;0.000902891
BPPC_6_0_3.txt_0.1.bz2;11409;4.88595
BPPC_2_0_2.txt_0.8.bz2;516;0.000590086
BPPC_2_0_8.txt_0.6.bz2;793;0.00394106
BPPC_8_0_7.txt_0.6.bz2;4219;0.117956
BPPC_7_0_7.txt_0.9.bz2;1801;0.000283957
BPPC_2_0_7.txt_0.6.bz2;791;0.00647497
BPPC_7_0_8.txt_0.1.bz2;0;0
