class,mult,type,subtype,density,ub_l2,alpha,ascending
C,15,1,1,0.4,2591,-3,0
C,15,1,1,0.4,2499,-3,1
C,15,1,1,0.4,2683,-2,0
C,15,1,1,0.4,2548,-2,1
C,15,1,1,0.4,2382,-1,0
C,15,1,1,0.4,2474,-1,1
C,15,1,1,0.4,2472,-0.5,0
C,15,1,1,0.4,2299,-0.5,1
C,15,1,1,0.4,2760,0.5,0
C,15,1,1,0.4,2273,0.5,1
C,15,1,1,0.4,2646,1,0
C,15,1,1,0.4,2340,1,1
C,15,1,1,0.4,2788,2,0
C,15,1,1,0.4,2353,2,1
C,15,1,1,0.4,2897,3,0
C,15,1,1,0.4,2459,3,1
C,15,1,1,0.3,3037,-3,0
C,15,1,1,0.3,2882,-3,1
C,15,1,1,0.3,3044,-2,0
C,15,1,1,0.3,2824,-2,1
C,15,1,1,0.3,2962,-1,0
C,15,1,1,0.3,2864,-1,1
C,15,1,1,0.3,3026,-0.5,0
C,15,1,1,0.3,2588,-0.5,1
C,15,1,1,0.3,2999,0.5,0
C,15,1,1,0.3,2568,0.5,1
C,15,1,1,0.3,3345,1,0
C,15,1,1,0.3,2915,1,1
C,15,1,1,0.3,3304,2,0
C,15,1,1,0.3,2901,2,1
C,15,1,1,0.3,3209,3,0
C,15,1,1,0.3,2750,3,1
C,15,1,1,0.2,3497,-3,0
C,15,1,1,0.2,3535,-3,1
C,15,1,1,0.2,3594,-2,0
C,15,1,1,0.2,3545,-2,1
C,15,1,1,0.2,3334,-1,0
C,15,1,1,0.2,3376,-1,1
C,15,1,1,0.2,3303,-0.5,0
C,15,1,1,0.2,3248,-0.5,1
C,15,1,1,0.2,3862,0.5,0
C,15,1,1,0.2,3154,0.5,1
C,15,1,1,0.2,3666,1,0
C,15,1,1,0.2,3241,1,1
C,15,1,1,0.2,3908,2,0
C,15,1,1,0.2,3238,2,1
C,15,1,1,0.2,3664,3,0
C,15,1,1,0.2,3380,3,1
C,15,1,1,0.1,4170,-3,0
C,15,1,1,0.1,4181,-3,1
C,15,1,1,0.1,4044,-2,0
C,15,1,1,0.1,4216,-2,1
C,15,1,1,0.1,4387,-1,0
C,15,1,1,0.1,4252,-1,1
C,15,1,1,0.1,4329,-0.5,0
C,15,1,1,0.1,4031,-0.5,1
C,15,1,1,0.1,4717,0.5,0
C,15,1,1,0.1,3861,0.5,1
C,15,1,1,0.1,4660,1,0
C,15,1,1,0.1,3964,1,1
C,15,1,1,0.1,4560,2,0
C,15,1,1,0.1,3835,2,1
C,15,1,1,0.1,4618,3,0
C,15,1,1,0.1,3905,3,1
C,15,1,1,0.5,2119,-3,0
C,15,1,1,0.5,2247,-3,1
C,15,1,1,0.5,2023,-2,0
C,15,1,1,0.5,2171,-2,1
C,15,1,1,0.5,1987,-1,0
C,15,1,1,0.5,1934,-1,1
C,15,1,1,0.5,2213,-0.5,0
C,15,1,1,0.5,1926,-0.5,1
C,15,1,1,0.5,2235,0.5,0
C,15,1,1,0.5,1929,0.5,1
C,15,1,1,0.5,2269,1,0
C,15,1,1,0.5,1922,1,1
C,15,1,1,0.5,2236,2,0
C,15,1,1,0.5,1979,2,1
C,15,1,1,0.5,2430,3,0
C,15,1,1,0.5,2102,3,1
C,15,1,1,0.6,1760,-3,0
C,15,1,1,0.6,1926,-3,1
C,15,1,1,0.6,1684,-2,0
C,15,1,1,0.6,1854,-2,1
C,15,1,1,0.6,1866,-1,0
C,15,1,1,0.6,1672,-1,1
C,15,1,1,0.6,1809,-0.5,0
C,15,1,1,0.6,1649,-0.5,1
C,15,1,1,0.6,1838,0.5,0
C,15,1,1,0.6,1560,0.5,1
C,15,1,1,0.6,1922,1,0
C,15,1,1,0.6,1563,1,1
C,15,1,1,0.6,1819,2,0
C,15,1,1,0.6,1738,2,1
C,15,1,1,0.6,2129,3,0
C,15,1,1,0.6,1668,3,1
C,15,1,1,0.7,1391,-3,0
C,15,1,1,0.7,1451,-3,1
C,15,1,1,0.7,1476,-2,0
C,15,1,1,0.7,1490,-2,1
C,15,1,1,0.7,1490,-1,0
C,15,1,1,0.7,1411,-1,1
C,15,1,1,0.7,1683,-0.5,0
C,15,1,1,0.7,1340,-0.5,1
C,15,1,1,0.7,1603,0.5,0
C,15,1,1,0.7,1236,0.5,1
C,15,1,1,0.7,1535,1,0
C,15,1,1,0.7,1273,1,1
C,15,1,1,0.7,1604,2,0
C,15,1,1,0.7,1279,2,1
C,15,1,1,0.7,1650,3,0
C,15,1,1,0.7,1335,3,1
C,15,1,1,0.8,1207,-3,0
C,15,1,1,0.8,1192,-3,1
C,15,1,1,0.8,1110,-2,0
C,15,1,1,0.8,1139,-2,1
C,15,1,1,0.8,1219,-1,0
C,15,1,1,0.8,1050,-1,1
C,15,1,1,0.8,1185,-0.5,0
C,15,1,1,0.8,942,-0.5,1
C,15,1,1,0.8,1202,0.5,0
C,15,1,1,0.8,935,0.5,1
C,15,1,1,0.8,1225,1,0
C,15,1,1,0.8,940,1,1
C,15,1,1,0.8,1206,2,0
C,15,1,1,0.8,982,2,1
C,15,1,1,0.8,1218,3,0
C,15,1,1,0.8,942,3,1
C,15,1,1,0.9,743,-3,0
C,15,1,1,0.9,746,-3,1
C,15,1,1,0.9,740,-2,0
C,15,1,1,0.9,702,-2,1
C,15,1,1,0.9,829,-1,0
C,15,1,1,0.9,676,-1,1
C,15,1,1,0.9,721,-0.5,0
C,15,1,1,0.9,731,-0.5,1
C,15,1,1,0.9,821,0.5,0
C,15,1,1,0.9,634,0.5,1
C,15,1,1,0.9,831,1,0
C,15,1,1,0.9,582,1,1
C,15,1,1,0.9,897,2,0
C,15,1,1,0.9,664,2,1
C,15,1,1,0.9,1028,3,0
C,15,1,1,0.9,645,3,1
C,15,4,1,0.4,14731,-3,0
C,15,4,1,0.4,13125,-3,1
C,15,4,1,0.4,14309,-2,0
C,15,4,1,0.4,12816,-2,1
C,15,4,1,0.4,14288,-1,0
C,15,4,1,0.4,12460,-1,1
C,15,4,1,0.4,14445,-0.5,0
C,15,4,1,0.4,12003,-0.5,1
C,15,4,1,0.4,14794,0.5,0
C,15,4,1,0.4,11913,0.5,1
C,15,4,1,0.4,14891,1,0
C,15,4,1,0.4,12220,1,1
C,15,4,1,0.4,14985,2,0
C,15,4,1,0.4,12972,2,1
C,15,4,1,0.4,15395,3,0
C,15,4,1,0.4,13219,3,1
C,15,4,1,0.3,16940,-3,0
C,15,4,1,0.3,16184,-3,1
C,15,4,1,0.3,16900,-2,0
C,15,4,1,0.3,15784,-2,1
C,15,4,1,0.3,16900,-1,0
C,15,4,1,0.3,15247,-1,1
C,15,4,1,0.3,16930,-0.5,0
C,15,4,1,0.3,14849,-0.5,1
C,15,4,1,0.3,16970,0.5,0
C,15,4,1,0.3,14628,0.5,1
C,15,4,1,0.3,16920,1,0
C,15,4,1,0.3,14997,1,1
C,15,4,1,0.3,16960,2,0
C,15,4,1,0.3,15397,2,1
C,15,4,1,0.3,16980,3,0
C,15,4,1,0.3,15888,3,1
C,15,4,1,0.2,17390,-3,0
C,15,4,1,0.2,17430,-3,1
C,15,4,1,0.2,17420,-2,0
C,15,4,1,0.2,17480,-2,1
C,15,4,1,0.2,17420,-1,0
C,15,4,1,0.2,17450,-1,1
C,15,4,1,0.2,17450,-0.5,0
C,15,4,1,0.2,17460,-0.5,1
C,15,4,1,0.2,17470,0.5,0
C,15,4,1,0.2,17410,0.5,1
C,15,4,1,0.2,17430,1,0
C,15,4,1,0.2,17400,1,1
C,15,4,1,0.2,17420,2,0
C,15,4,1,0.2,17410,2,1
C,15,4,1,0.2,17430,3,0
C,15,4,1,0.2,17350,3,1
C,15,4,1,0.1,17990,-3,0
C,15,4,1,0.1,18220,-3,1
C,15,4,1,0.1,17940,-2,0
C,15,4,1,0.1,18140,-2,1
C,15,4,1,0.1,17900,-1,0
C,15,4,1,0.1,18180,-1,1
C,15,4,1,0.1,17890,-0.5,0
C,15,4,1,0.1,18170,-0.5,1
C,15,4,1,0.1,17880,0.5,0
C,15,4,1,0.1,18150,0.5,1
C,15,4,1,0.1,17900,1,0
C,15,4,1,0.1,18190,1,1
C,15,4,1,0.1,17960,2,0
C,15,4,1,0.1,18190,2,1
C,15,4,1,0.1,18010,3,0
C,15,4,1,0.1,18180,3,1
C,15,4,1,0.5,12231,-3,0
C,15,4,1,0.5,10937,-3,1
C,15,4,1,0.5,12344,-2,0
C,15,4,1,0.5,10481,-2,1
C,15,4,1,0.5,11886,-1,0
C,15,4,1,0.5,10217,-1,1
C,15,4,1,0.5,11973,-0.5,0
C,15,4,1,0.5,9677,-0.5,1
C,15,4,1,0.5,12172,0.5,0
C,15,4,1,0.5,9527,0.5,1
C,15,4,1,0.5,12282,1,0
C,15,4,1,0.5,10100,1,1
C,15,4,1,0.5,12777,2,0
C,15,4,1,0.5,10486,2,1
C,15,4,1,0.5,12734,3,0
C,15,4,1,0.5,10645,3,1
C,15,4,1,0.6,9993,-3,0
C,15,4,1,0.6,8993,-3,1
C,15,4,1,0.6,9790,-2,0
C,15,4,1,0.6,8492,-2,1
C,15,4,1,0.6,9725,-1,0
C,15,4,1,0.6,8028,-1,1
C,15,4,1,0.6,9809,-0.5,0
C,15,4,1,0.6,7806,-0.5,1
C,15,4,1,0.6,9914,0.5,0
C,15,4,1,0.6,7654,0.5,1
C,15,4,1,0.6,10181,1,0
C,15,4,1,0.6,7922,1,1
C,15,4,1,0.6,9920,2,0
C,15,4,1,0.6,8279,2,1
C,15,4,1,0.6,10201,3,0
C,15,4,1,0.6,8466,3,1
C,15,5,1,0.1,10997,-3,0
C,15,5,1,0.1,13338,-3,1
C,15,5,1,0.1,10997,-2,0
C,15,5,1,0.1,13338,-2,1
C,15,5,1,0.1,10997,-1,0
C,15,5,1,0.1,12974,-1,1
C,15,5,1,0.1,11250,-0.5,0
C,15,5,1,0.1,13518,-0.5,1
C,15,5,1,0.1,12507,0.5,0
C,15,5,1,0.1,11238,0.5,1
C,15,5,1,0.1,12911,1,0
C,15,5,1,0.1,10932,1,1
C,15,5,1,0.1,12911,2,0
C,15,5,1,0.1,10932,2,1
C,15,5,1,0.1,12911,3,0
C,15,5,1,0.1,10932,3,1
C,15,5,1,0.2,9398,-3,0
C,15,5,1,0.2,9642,-3,1
C,15,5,1,0.2,9398,-2,0
C,15,5,1,0.2,9642,-2,1
C,15,5,1,0.2,9851,-1,0
C,15,5,1,0.2,9642,-1,1
C,15,5,1,0.2,9887,-0.5,0
C,15,5,1,0.2,9417,-0.5,1
C,15,5,1,0.2,9981,0.5,0
C,15,5,1,0.2,9327,0.5,1
C,15,5,1,0.2,9740,1,0
C,15,5,1,0.2,9402,1,1
C,15,5,1,0.2,10003,2,0
C,15,5,1,0.2,9567,2,1
C,15,5,1,0.2,10003,3,0
C,15,5,1,0.2,9567,3,1
C,15,5,1,0.3,8009,-3,0
C,15,5,1,0.3,8834,-3,1
C,15,5,1,0.3,8009,-2,0
C,15,5,1,0.3,8834,-2,1
C,15,5,1,0.3,7633,-1,0
C,15,5,1,0.3,8834,-1,1
C,15,5,1,0.3,7285,-0.5,0
C,15,5,1,0.3,9087,-0.5,1
C,15,5,1,0.3,8453,0.5,0
C,15,5,1,0.3,7557,0.5,1
C,15,5,1,0.3,8486,1,0
C,15,5,1,0.3,7804,1,1
C,15,5,1,0.3,8486,2,0
C,15,5,1,0.3,7804,2,1
C,15,5,1,0.3,8486,3,0
C,15,5,1,0.3,7804,3,1
C,15,5,1,0.4,6860,-3,0
C,15,5,1,0.4,7296,-3,1
C,15,5,1,0.4,6860,-2,0
C,15,5,1,0.4,7296,-2,1
C,15,5,1,0.4,6860,-1,0
C,15,5,1,0.4,7516,-1,1
C,15,5,1,0.4,7178,-0.5,0
C,15,5,1,0.4,7427,-0.5,1
C,15,5,1,0.4,7839,0.5,0
C,15,5,1,0.4,6883,0.5,1
C,15,5,1,0.4,8131,1,0
C,15,5,1,0.4,6692,1,1
C,15,5,1,0.4,8131,2,0
C,15,5,1,0.4,6580,2,1
C,15,5,1,0.4,8131,3,0
C,15,5,1,0.4,6580,3,1
C,15,5,1,0.5,5642,-3,0
C,15,5,1,0.5,6155,-3,1
C,15,5,1,0.5,5642,-2,0
C,15,5,1,0.5,6155,-2,1
C,15,5,1,0.5,5642,-1,0
C,15,5,1,0.5,5961,-1,1
C,15,5,1,0.5,5642,-0.5,0
C,15,5,1,0.5,6045,-0.5,1
C,15,5,1,0.5,6788,0.5,0
C,15,5,1,0.5,5420,0.5,1
C,15,5,1,0.5,6655,1,0
C,15,5,1,0.5,5676,1,1
C,15,5,1,0.5,6655,2,0
C,15,5,1,0.5,5676,2,1
C,15,5,1,0.5,6655,3,0
C,15,5,1,0.5,5676,3,1
C,15,5,1,0.6,4805,-3,0
C,15,5,1,0.6,5212,-3,1
C,15,5,1,0.6,4805,-2,0
C,15,5,1,0.6,5212,-2,1
C,15,5,1,0.6,4805,-1,0
C,15,5,1,0.6,5212,-1,1
C,15,5,1,0.6,4946,-0.5,0
C,15,5,1,0.6,5467,-0.5,1
C,15,5,1,0.6,5893,0.5,0
C,15,5,1,0.6,4387,0.5,1
C,15,5,1,0.6,5574,1,0
C,15,5,1,0.6,4774,1,1
C,15,5,1,0.6,5295,2,0
C,15,5,1,0.6,5191,2,1
C,15,5,1,0.6,5295,3,0
C,15,5,1,0.6,5191,3,1
C,15,5,1,0.7,3894,-3,0
C,15,5,1,0.7,5101,-3,1
C,15,5,1,0.7,3894,-2,0
C,15,5,1,0.7,5101,-2,1
C,15,5,1,0.7,3894,-1,0
C,15,5,1,0.7,5101,-1,1
C,15,5,1,0.7,3995,-0.5,0
C,15,5,1,0.7,4773,-0.5,1
C,15,5,1,0.7,4835,0.5,0
C,15,5,1,0.7,3962,0.5,1
C,15,5,1,0.7,4835,1,0
C,15,5,1,0.7,4009,1,1
C,15,5,1,0.7,4835,2,0
C,15,5,1,0.7,4009,2,1
C,15,5,1,0.7,4835,3,0
C,15,5,1,0.7,4009,3,1
C,15,4,1,0.8,5611,-3,0
C,15,4,1,0.8,4885,-3,1
C,15,4,1,0.8,5458,-2,0
C,15,4,1,0.8,4509,-2,1
C,15,4,1,0.8,5510,-1,0
C,15,4,1,0.8,4305,-1,1
C,15,4,1,0.8,5499,-0.5,0
C,15,4,1,0.8,4244,-0.5,1
C,15,4,1,0.8,5749,0.5,0
C,15,4,1,0.8,4102,0.5,1
C,15,4,1,0.8,5625,1,0
C,15,4,1,0.8,4255,1,1
C,15,4,1,0.8,5863,2,0
C,15,4,1,0.8,4401,2,1
C,15,4,1,0.8,5841,3,0
C,15,4,1,0.8,4561,3,1
C,15,4,1,0.7,7521,-3,0
C,15,4,1,0.7,6906,-3,1
C,15,4,1,0.7,7259,-2,0
C,15,4,1,0.7,6548,-2,1
C,15,4,1,0.7,7510,-1,0
C,15,4,1,0.7,6230,-1,1
C,15,4,1,0.7,7697,-0.5,0
C,15,4,1,0.7,5851,-0.5,1
C,15,4,1,0.7,7904,0.5,0
C,15,4,1,0.7,5787,0.5,1
C,15,4,1,0.7,7955,1,0
C,15,4,1,0.7,5995,1,1
C,15,4,1,0.7,7838,2,0
C,15,4,1,0.7,6317,2,1
C,15,4,1,0.7,8078,3,0
C,15,4,1,0.7,6582,3,1
C,15,5,1,0.8,3218,-3,0
C,15,5,1,0.8,3580,-3,1
C,15,5,1,0.8,3218,-2,0
C,15,5,1,0.8,3580,-2,1
C,15,5,1,0.8,2863,-1,0
C,15,5,1,0.8,3152,-1,1
C,15,5,1,0.8,2863,-0.5,0
C,15,5,1,0.8,3642,-0.5,1
C,15,5,1,0.8,3732,0.5,0
C,15,5,1,0.8,2728,0.5,1
C,15,5,1,0.8,3584,1,0
C,15,5,1,0.8,2832,1,1
C,15,5,1,0.8,3616,2,0
C,15,5,1,0.8,2832,2,1
C,15,5,1,0.8,3616,3,0
C,15,5,1,0.8,2832,3,1
C,15,5,1,0.9,2313,-3,0
C,15,5,1,0.9,2302,-3,1
C,15,5,1,0.9,2313,-2,0
C,15,5,1,0.9,2302,-2,1
C,15,5,1,0.9,2313,-1,0
C,15,5,1,0.9,2302,-1,1
C,15,5,1,0.9,1931,-0.5,0
C,15,5,1,0.9,2594,-0.5,1
C,15,5,1,0.9,2285,0.5,0
C,15,5,1,0.9,2192,0.5,1
C,15,5,1,0.9,2233,1,0
C,15,5,1,0.9,1925,1,1
C,15,5,1,0.9,2233,2,0
C,15,5,1,0.9,1947,2,1
C,15,5,1,0.9,2233,3,0
C,15,5,1,0.9,1947,3,1
C,15,8,1,0.3,15590,-3,0
C,15,8,1,0.3,15590,-3,1
C,15,8,1,0.3,15590,-2,0
C,15,8,1,0.3,15590,-2,1
C,15,8,1,0.3,15590,-1,0
C,15,8,1,0.3,15590,-1,1
C,15,8,1,0.3,15590,-0.5,0
C,15,8,1,0.3,15590,-0.5,1
C,15,8,1,0.3,15590,0.5,0
C,15,8,1,0.3,15590,0.5,1
C,15,8,1,0.3,15590,1,0
C,15,8,1,0.3,15590,1,1
C,15,8,1,0.3,15590,2,0
C,15,8,1,0.3,15590,2,1
C,15,8,1,0.3,15590,3,0
C,15,8,1,0.3,15590,3,1
C,15,8,1,0.2,15590,-3,0
C,15,8,1,0.2,15590,-3,1
C,15,8,1,0.2,15590,-2,0
C,15,8,1,0.2,15590,-2,1
C,15,8,1,0.2,15590,-1,0
C,15,8,1,0.2,15590,-1,1
C,15,8,1,0.2,15590,-0.5,0
C,15,8,1,0.2,15590,-0.5,1
C,15,8,1,0.2,15590,0.5,0
C,15,8,1,0.2,15590,0.5,1
C,15,8,1,0.2,15590,1,0
C,15,8,1,0.2,15590,1,1
C,15,8,1,0.2,15590,2,0
C,15,8,1,0.2,15590,2,1
C,15,8,1,0.2,15590,3,0
C,15,8,1,0.2,15590,3,1
C,15,8,1,0.1,15590,-3,0
C,15,8,1,0.1,15590,-3,1
C,15,8,1,0.1,15590,-2,0
C,15,8,1,0.1,15590,-2,1
C,15,8,1,0.1,15590,-1,0
C,15,8,1,0.1,15590,-1,1
C,15,8,1,0.1,15590,-0.5,0
C,15,8,1,0.1,15590,-0.5,1
C,15,8,1,0.1,15590,0.5,0
C,15,8,1,0.1,15590,0.5,1
C,15,8,1,0.1,15590,1,0
C,15,8,1,0.1,15590,1,1
C,15,8,1,0.1,15590,2,0
C,15,8,1,0.1,15590,2,1
C,15,8,1,0.1,15590,3,0
C,15,8,1,0.1,15590,3,1
C,15,8,1,0.4,15590,-3,0
C,15,8,1,0.4,15590,-3,1
C,15,8,1,0.4,15590,-2,0
C,15,8,1,0.4,15590,-2,1
C,15,8,1,0.4,15590,-1,0
C,15,8,1,0.4,15590,-1,1
C,15,8,1,0.4,15590,-0.5,0
C,15,8,1,0.4,15590,-0.5,1
C,15,8,1,0.4,15590,0.5,0
C,15,8,1,0.4,15590,0.5,1
C,15,8,1,0.4,15590,1,0
C,15,8,1,0.4,15590,1,1
C,15,8,1,0.4,15590,2,0
C,15,8,1,0.4,15590,2,1
C,15,8,1,0.4,15590,3,0
C,15,8,1,0.4,15590,3,1
C,15,8,1,0.5,15590,-3,0
C,15,8,1,0.5,15590,-3,1
C,15,8,1,0.5,15590,-2,0
C,15,8,1,0.5,15590,-2,1
C,15,8,1,0.5,15590,-1,0
C,15,8,1,0.5,15590,-1,1
C,15,8,1,0.5,15580,-0.5,0
C,15,8,1,0.5,15590,-0.5,1
C,15,8,1,0.5,15580,0.5,0
C,15,8,1,0.5,15580,0.5,1
C,15,8,1,0.5,15580,1,0
C,15,8,1,0.5,15590,1,1
C,15,8,1,0.5,15580,2,0
C,15,8,1,0.5,15590,2,1
C,15,8,1,0.5,15590,3,0
C,15,8,1,0.5,15590,3,1
C,15,8,1,0.6,15570,-3,0
C,15,8,1,0.6,15580,-3,1
C,15,8,1,0.6,15550,-2,0
C,15,8,1,0.6,15580,-2,1
C,15,8,1,0.6,15560,-1,0
C,15,8,1,0.6,15590,-1,1
C,15,8,1,0.6,15540,-0.5,0
C,15,8,1,0.6,15590,-0.5,1
C,15,8,1,0.6,15570,0.5,0
C,15,8,1,0.6,15560,0.5,1
C,15,8,1,0.6,15580,1,0
C,15,8,1,0.6,15550,1,1
C,15,8,1,0.6,15580,2,0
C,15,8,1,0.6,15570,2,1
C,15,8,1,0.6,15580,3,0
C,15,8,1,0.6,15560,3,1
C,15,8,1,0.8,14612,-3,0
C,15,8,1,0.8,15203,-3,1
C,15,8,1,0.8,14537,-2,0
C,15,8,1,0.8,15340,-2,1
C,15,8,1,0.8,14989,-1,0
C,15,8,1,0.8,15350,-1,1
C,15,8,1,0.8,14430,-0.5,0
C,15,8,1,0.8,14321,-0.5,1
C,15,8,1,0.8,15330,0.5,0
C,15,8,1,0.8,13616,0.5,1
C,15,8,1,0.8,15330,1,0
C,15,8,1,0.8,14482,1,1
C,15,8,1,0.8,15340,2,0
C,15,8,1,0.8,14482,2,1
C,15,8,1,0.8,15340,3,0
C,15,8,1,0.8,14424,3,1
C,1,1,1,0.1,210,-3,0
C,1,1,1,0.1,210,-3,1
C,1,1,1,0.1,210,-2,0
C,1,1,1,0.1,210,-2,1
C,1,1,1,0.1,210,-1,0
C,1,1,1,0.1,210,-1,1
C,1,1,1,0.1,210,-0.5,0
C,1,1,1,0.1,210,-0.5,1
C,1,1,1,0.1,210,0.5,0
C,1,1,1,0.1,210,0.5,1
C,1,1,1,0.1,210,1,0
C,1,1,1,0.1,210,1,1
C,1,1,1,0.1,210,2,0
C,1,1,1,0.1,210,2,1
C,1,1,1,0.1,210,3,0
C,1,1,1,0.1,210,3,1
C,1,1,1,0.2,210,-3,0
C,1,1,1,0.2,210,-3,1
C,1,1,1,0.2,210,-2,0
C,1,1,1,0.2,210,-2,1
C,1,1,1,0.2,210,-1,0
C,1,1,1,0.2,210,-1,1
C,1,1,1,0.2,210,-0.5,0
C,1,1,1,0.2,210,-0.5,1
C,1,1,1,0.2,210,0.5,0
C,1,1,1,0.2,210,0.5,1
C,1,1,1,0.2,210,1,0
C,1,1,1,0.2,210,1,1
C,1,1,1,0.2,210,2,0
C,1,1,1,0.2,210,2,1
C,1,1,1,0.2,210,3,0
C,1,1,1,0.2,210,3,1
C,1,1,1,0.3,210,-3,0
C,1,1,1,0.3,210,-3,1
C,1,1,1,0.3,210,-2,0
C,1,1,1,0.3,210,-2,1
C,1,1,1,0.3,210,-1,0
C,1,1,1,0.3,210,-1,1
C,1,1,1,0.3,210,-0.5,0
C,1,1,1,0.3,210,-0.5,1
C,1,1,1,0.3,210,0.5,0
C,1,1,1,0.3,210,0.5,1
C,1,1,1,0.3,210,1,0
C,1,1,1,0.3,210,1,1
C,1,1,1,0.3,210,2,0
C,1,1,1,0.3,210,2,1
C,1,1,1,0.3,210,3,0
C,1,1,1,0.3,210,3,1
C,1,1,1,0.4,210,-3,0
C,1,1,1,0.4,210,-3,1
C,1,1,1,0.4,210,-2,0
C,1,1,1,0.4,210,-2,1
C,1,1,1,0.4,200,-1,0
C,1,1,1,0.4,210,-1,1
C,1,1,1,0.4,200,-0.5,0
C,1,1,1,0.4,210,-0.5,1
C,1,1,1,0.4,200,0.5,0
C,1,1,1,0.4,210,0.5,1
C,1,1,1,0.4,200,1,0
C,1,1,1,0.4,210,1,1
C,1,1,1,0.4,210,2,0
C,1,1,1,0.4,210,2,1
C,1,1,1,0.4,210,3,0
C,1,1,1,0.4,210,3,1
C,1,1,1,0.5,210,-3,0
C,1,1,1,0.5,210,-3,1
C,1,1,1,0.5,200,-2,0
C,1,1,1,0.5,210,-2,1
C,1,1,1,0.5,200,-1,0
C,1,1,1,0.5,210,-1,1
C,1,1,1,0.5,200,-0.5,0
C,1,1,1,0.5,210,-0.5,1
C,1,1,1,0.5,200,0.5,0
C,1,1,1,0.5,210,0.5,1
C,1,1,1,0.5,200,1,0
C,1,1,1,0.5,210,1,1
C,1,1,1,0.5,210,2,0
C,1,1,1,0.5,210,2,1
C,1,1,1,0.5,210,3,0
C,1,1,1,0.5,210,3,1
C,15,8,1,0.9,8843,-3,0
C,15,8,1,0.9,9925,-3,1
C,15,8,1,0.9,8451,-2,0
C,15,8,1,0.9,9751,-2,1
C,15,8,1,0.9,8989,-1,0
C,15,8,1,0.9,9727,-1,1
C,15,8,1,0.9,8875,-0.5,0
C,15,8,1,0.9,9079,-0.5,1
C,15,8,1,0.9,9964,0.5,0
C,15,8,1,0.9,8111,0.5,1
C,15,8,1,0.9,9855,1,0
C,15,8,1,0.9,8425,1,1
C,15,8,1,0.9,10343,2,0
C,15,8,1,0.9,8667,2,1
C,15,8,1,0.9,10062,3,0
C,15,8,1,0.9,8675,3,1
C,1,1,1,0.6,200,-3,0
C,1,1,1,0.6,210,-3,1
C,1,1,1,0.6,200,-2,0
C,1,1,1,0.6,210,-2,1
C,1,1,1,0.6,200,-1,0
C,1,1,1,0.6,210,-1,1
C,1,1,1,0.6,200,-0.5,0
C,1,1,1,0.6,210,-0.5,1
C,1,1,1,0.6,200,0.5,0
C,1,1,1,0.6,210,0.5,1
C,1,1,1,0.6,210,1,0
C,1,1,1,0.6,210,1,1
C,1,1,1,0.6,210,2,0
C,1,1,1,0.6,210,2,1
C,1,1,1,0.6,210,3,0
C,1,1,1,0.6,210,3,1
C,1,1,1,0.7,210,-3,0
C,1,1,1,0.7,210,-3,1
C,1,1,1,0.7,210,-2,0
C,1,1,1,0.7,210,-2,1
C,1,1,1,0.7,200,-1,0
C,1,1,1,0.7,210,-1,1
C,1,1,1,0.7,200,-0.5,0
C,1,1,1,0.7,210,-0.5,1
C,1,1,1,0.7,200,0.5,0
C,1,1,1,0.7,210,0.5,1
C,1,1,1,0.7,210,1,0
C,1,1,1,0.7,210,1,1
C,1,1,1,0.7,209,2,0
C,1,1,1,0.7,210,2,1
C,1,1,1,0.7,210,3,0
C,1,1,1,0.7,210,3,1
C,1,1,1,0.8,200,-3,0
C,1,1,1,0.8,210,-3,1
C,1,1,1,0.8,200,-2,0
C,1,1,1,0.8,210,-2,1
C,1,1,1,0.8,200,-1,0
C,1,1,1,0.8,210,-1,1
C,1,1,1,0.8,200,-0.5,0
C,1,1,1,0.8,210,-0.5,1
C,1,1,1,0.8,200,0.5,0
C,1,1,1,0.8,210,0.5,1
C,1,1,1,0.8,200,1,0
C,1,1,1,0.8,210,1,1
C,1,1,1,0.8,200,2,0
C,1,1,1,0.8,200,2,1
C,1,1,1,0.8,200,3,0
C,1,1,1,0.8,210,3,1
C,1,1,1,0.9,200,-3,0
C,1,1,1,0.9,200,-3,1
C,1,1,1,0.9,200,-2,0
C,1,1,1,0.9,200,-2,1
C,1,1,1,0.9,190,-1,0
C,1,1,1,0.9,210,-1,1
C,1,1,1,0.9,190,-0.5,0
C,1,1,1,0.9,210,-0.5,1
C,1,1,1,0.9,190,0.5,0
C,1,1,1,0.9,210,0.5,1
C,1,1,1,0.9,190,1,0
C,1,1,1,0.9,210,1,1
C,1,1,1,0.9,200,2,0
C,1,1,1,0.9,210,2,1
C,1,1,1,0.9,200,3,0
C,1,1,1,0.9,200,3,1
C,15,8,1,0.7,15430,-3,0
C,15,8,1,0.7,15480,-3,1
C,15,8,1,0.7,15420,-2,0
C,15,8,1,0.7,15470,-2,1
C,15,8,1,0.7,15420,-1,0
C,15,8,1,0.7,15460,-1,1
C,15,8,1,0.7,15440,-0.5,0
C,15,8,1,0.7,15460,-0.5,1
C,15,8,1,0.7,15470,0.5,0
C,15,8,1,0.7,15430,0.5,1
C,15,8,1,0.7,15460,1,0
C,15,8,1,0.7,15420,1,1
C,15,8,1,0.7,15480,2,0
C,15,8,1,0.7,15410,2,1
C,15,8,1,0.7,15470,3,0
C,15,8,1,0.7,15420,3,1
C,1,4,1,0.1,220,-3,0
C,1,4,1,0.1,220,-3,1
C,1,4,1,0.1,220,-2,0
C,1,4,1,0.1,220,-2,1
C,1,4,1,0.1,220,-1,0
C,1,4,1,0.1,220,-1,1
C,1,4,1,0.1,220,-0.5,0
C,1,4,1,0.1,220,-0.5,1
C,1,4,1,0.1,220,0.5,0
C,1,4,1,0.1,220,0.5,1
C,1,4,1,0.1,220,1,0
C,1,4,1,0.1,220,1,1
C,1,4,1,0.1,220,2,0
C,1,4,1,0.1,220,2,1
C,1,4,1,0.1,220,3,0
C,1,4,1,0.1,220,3,1
C,1,4,1,0.2,220,-3,0
C,1,4,1,0.2,220,-3,1
C,1,4,1,0.2,220,-2,0
C,1,4,1,0.2,220,-2,1
C,1,4,1,0.2,220,-1,0
C,1,4,1,0.2,220,-1,1
C,1,4,1,0.2,220,-0.5,0
C,1,4,1,0.2,220,-0.5,1
C,1,4,1,0.2,220,0.5,0
C,1,4,1,0.2,220,0.5,1
C,1,4,1,0.2,220,1,0
C,1,4,1,0.2,220,1,1
C,1,4,1,0.2,220,2,0
C,1,4,1,0.2,220,2,1
C,1,4,1,0.2,220,3,0
C,1,4,1,0.2,220,3,1
C,1,4,1,0.3,220,-3,0
C,1,4,1,0.3,220,-3,1
C,1,4,1,0.3,220,-2,0
C,1,4,1,0.3,220,-2,1
C,1,4,1,0.3,220,-1,0
C,1,4,1,0.3,220,-1,1
C,1,4,1,0.3,220,-0.5,0
C,1,4,1,0.3,220,-0.5,1
C,1,4,1,0.3,220,0.5,0
C,1,4,1,0.3,220,0.5,1
C,1,4,1,0.3,220,1,0
C,1,4,1,0.3,220,1,1
C,1,4,1,0.3,220,2,0
C,1,4,1,0.3,220,2,1
C,1,4,1,0.3,220,3,0
C,1,4,1,0.3,220,3,1
C,1,4,1,0.4,220,-3,0
C,1,4,1,0.4,220,-3,1
C,1,4,1,0.4,220,-2,0
C,1,4,1,0.4,220,-2,1
C,1,4,1,0.4,220,-1,0
C,1,4,1,0.4,220,-1,1
C,1,4,1,0.4,220,-0.5,0
C,1,4,1,0.4,220,-0.5,1
C,1,4,1,0.4,220,0.5,0
C,1,4,1,0.4,220,0.5,1
C,1,4,1,0.4,220,1,0
C,1,4,1,0.4,220,1,1
C,1,4,1,0.4,220,2,0
C,1,4,1,0.4,220,2,1
C,1,4,1,0.4,220,3,0
C,1,4,1,0.4,220,3,1
C,1,4,1,0.5,220,-3,0
C,1,4,1,0.5,220,-3,1
C,1,4,1,0.5,220,-2,0
C,1,4,1,0.5,220,-2,1
C,1,4,1,0.5,220,-1,0
C,1,4,1,0.5,220,-1,1
C,1,4,1,0.5,220,-0.5,0
C,1,4,1,0.5,220,-0.5,1
C,1,4,1,0.5,220,0.5,0
C,1,4,1,0.5,220,0.5,1
C,1,4,1,0.5,220,1,0
C,1,4,1,0.5,220,1,1
C,1,4,1,0.5,220,2,0
C,1,4,1,0.5,220,2,1
C,1,4,1,0.5,220,3,0
C,1,4,1,0.5,220,3,1
C,1,4,1,0.6,220,-3,0
C,1,4,1,0.6,220,-3,1
C,1,4,1,0.6,220,-2,0
C,1,4,1,0.6,220,-2,1
C,1,4,1,0.6,220,-1,0
C,1,4,1,0.6,220,-1,1
C,1,4,1,0.6,220,-0.5,0
C,1,4,1,0.6,220,-0.5,1
C,1,4,1,0.6,220,0.5,0
C,1,4,1,0.6,220,0.5,1
C,1,4,1,0.6,220,1,0
C,1,4,1,0.6,220,1,1
C,1,4,1,0.6,220,2,0
C,1,4,1,0.6,220,2,1
C,1,4,1,0.6,220,3,0
C,1,4,1,0.6,220,3,1
C,1,4,1,0.7,220,-3,0
C,1,4,1,0.7,220,-3,1
C,1,4,1,0.7,220,-2,0
C,1,4,1,0.7,220,-2,1
C,1,4,1,0.7,220,-1,0
C,1,4,1,0.7,220,-1,1
C,1,4,1,0.7,220,-0.5,0
C,1,4,1,0.7,220,-0.5,1
C,1,4,1,0.7,220,0.5,0
C,1,4,1,0.7,220,0.5,1
C,1,4,1,0.7,220,1,0
C,1,4,1,0.7,220,1,1
C,1,4,1,0.7,220,2,0
C,1,4,1,0.7,220,2,1
C,1,4,1,0.7,220,3,0
C,1,4,1,0.7,220,3,1
C,1,5,1,0.1,1030,-3,0
C,1,5,1,0.1,1030,-3,1
C,1,5,1,0.1,1030,-2,0
C,1,5,1,0.1,1030,-2,1
C,1,5,1,0.1,1030,-1,0
C,1,5,1,0.1,1030,-1,1
C,1,5,1,0.1,1030,-0.5,0
C,1,5,1,0.1,1030,-0.5,1
C,1,5,1,0.1,1030,0.5,0
C,1,5,1,0.1,1030,0.5,1
C,1,5,1,0.1,1030,1,0
C,1,5,1,0.1,1030,1,1
C,1,5,1,0.1,1030,2,0
C,1,5,1,0.1,1030,2,1
C,1,5,1,0.1,1030,3,0
C,1,5,1,0.1,1030,3,1
C,1,5,1,0.2,1030,-3,0
C,1,5,1,0.2,1030,-3,1
C,1,5,1,0.2,1030,-2,0
C,1,5,1,0.2,1030,-2,1
C,1,5,1,0.2,1030,-1,0
C,1,5,1,0.2,1030,-1,1
C,1,5,1,0.2,1030,-0.5,0
C,1,5,1,0.2,1030,-0.5,1
C,1,5,1,0.2,1030,0.5,0
C,1,5,1,0.2,1030,0.5,1
C,1,5,1,0.2,1030,1,0
C,1,5,1,0.2,1030,1,1
C,1,5,1,0.2,1030,2,0
C,1,5,1,0.2,1030,2,1
C,1,5,1,0.2,1030,3,0
C,1,5,1,0.2,1030,3,1
C,1,5,1,0.3,1030,-3,0
C,1,5,1,0.3,1030,-3,1
C,1,5,1,0.3,1030,-2,0
C,1,5,1,0.3,1030,-2,1
C,1,5,1,0.3,1030,-1,0
C,1,5,1,0.3,1030,-1,1
C,1,5,1,0.3,1030,-0.5,0
C,1,5,1,0.3,1030,-0.5,1
C,1,5,1,0.3,1030,0.5,0
C,1,5,1,0.3,1030,0.5,1
C,1,5,1,0.3,1030,1,0
C,1,5,1,0.3,1030,1,1
C,1,5,1,0.3,1030,2,0
C,1,5,1,0.3,1030,2,1
C,1,5,1,0.3,1030,3,0
C,1,5,1,0.3,1030,3,1
C,1,5,1,0.4,1030,-3,0
C,1,5,1,0.4,1030,-3,1
C,1,5,1,0.4,1030,-2,0
C,1,5,1,0.4,1030,-2,1
C,1,5,1,0.4,1030,-1,0
C,1,5,1,0.4,1030,-1,1
C,1,5,1,0.4,1030,-0.5,0
C,1,5,1,0.4,1030,-0.5,1
C,1,5,1,0.4,1030,0.5,0
C,1,5,1,0.4,1030,0.5,1
C,1,5,1,0.4,1030,1,0
C,1,5,1,0.4,1030,1,1
C,1,5,1,0.4,1030,2,0
C,1,5,1,0.4,1030,2,1
C,1,5,1,0.4,1030,3,0
C,1,5,1,0.4,1030,3,1
C,1,5,1,0.5,1030,-3,0
C,1,5,1,0.5,1030,-3,1
C,1,5,1,0.5,1030,-2,0
C,1,5,1,0.5,1030,-2,1
C,1,5,1,0.5,1030,-1,0
C,1,5,1,0.5,1030,-1,1
C,1,5,1,0.5,1030,-0.5,0
C,1,5,1,0.5,1030,-0.5,1
C,1,5,1,0.5,1030,0.5,0
C,1,5,1,0.5,1030,0.5,1
C,1,5,1,0.5,1030,1,0
C,1,5,1,0.5,1030,1,1
C,1,5,1,0.5,1030,2,0
C,1,5,1,0.5,1030,2,1
C,1,5,1,0.5,1030,3,0
C,1,5,1,0.5,1030,3,1
C,1,5,1,0.6,1030,-3,0
C,1,5,1,0.6,1030,-3,1
C,1,5,1,0.6,1030,-2,0
C,1,5,1,0.6,1030,-2,1
C,1,5,1,0.6,1030,-1,0
C,1,5,1,0.6,1030,-1,1
C,1,5,1,0.6,1030,-0.5,0
C,1,5,1,0.6,1030,-0.5,1
C,1,5,1,0.6,1030,0.5,0
C,1,5,1,0.6,1030,0.5,1
C,1,5,1,0.6,1030,1,0
C,1,5,1,0.6,1030,1,1
C,1,5,1,0.6,1030,2,0
C,1,5,1,0.6,1030,2,1
C,1,5,1,0.6,1030,3,0
C,1,5,1,0.6,1030,3,1
C,1,5,1,0.7,1030,-3,0
C,1,5,1,0.7,1030,-3,1
C,1,5,1,0.7,1030,-2,0
C,1,5,1,0.7,1030,-2,1
C,1,5,1,0.7,1030,-1,0
C,1,5,1,0.7,1030,-1,1
C,1,5,1,0.7,1030,-0.5,0
C,1,5,1,0.7,1030,-0.5,1
C,1,5,1,0.7,1030,0.5,0
C,1,5,1,0.7,1030,0.5,1
C,1,5,1,0.7,1030,1,0
C,1,5,1,0.7,1030,1,1
C,1,5,1,0.7,1030,2,0
C,1,5,1,0.7,1030,2,1
C,1,5,1,0.7,1030,3,0
C,1,5,1,0.7,1030,3,1
C,1,5,1,0.8,1030,-3,0
C,1,5,1,0.8,1030,-3,1
C,1,5,1,0.8,1030,-2,0
C,1,5,1,0.8,1030,-2,1
C,1,5,1,0.8,1030,-1,0
C,1,5,1,0.8,1030,-1,1
C,1,5,1,0.8,1030,-0.5,0
C,1,5,1,0.8,1030,-0.5,1
C,1,5,1,0.8,1030,0.5,0
C,1,5,1,0.8,1030,0.5,1
C,1,5,1,0.8,1030,1,0
C,1,5,1,0.8,1030,1,1
C,1,5,1,0.8,1030,2,0
C,1,5,1,0.8,1030,2,1
C,1,5,1,0.8,1030,3,0
C,1,5,1,0.8,1030,3,1
C,1,5,1,0.9,1030,-3,0
C,1,5,1,0.9,1030,-3,1
C,1,5,1,0.9,1030,-2,0
C,1,5,1,0.9,1030,-2,1
C,1,5,1,0.9,1030,-1,0
C,1,5,1,0.9,1030,-1,1
C,1,5,1,0.9,1030,-0.5,0
C,1,5,1,0.9,1030,-0.5,1
C,1,5,1,0.9,1030,0.5,0
C,1,5,1,0.9,1030,0.5,1
C,1,5,1,0.9,1030,1,0
C,1,5,1,0.9,1030,1,1
C,1,5,1,0.9,1030,2,0
C,1,5,1,0.9,1030,2,1
C,1,5,1,0.9,1030,3,0
C,1,5,1,0.9,1030,3,1
C,1,4,1,0.8,220,-3,0
C,1,4,1,0.8,220,-3,1
C,1,4,1,0.8,220,-2,0
C,1,4,1,0.8,220,-2,1
C,1,4,1,0.8,220,-1,0
C,1,4,1,0.8,220,-1,1
C,1,4,1,0.8,220,-0.5,0
C,1,4,1,0.8,220,-0.5,1
C,1,4,1,0.8,220,0.5,0
C,1,4,1,0.8,220,0.5,1
C,1,4,1,0.8,220,1,0
C,1,4,1,0.8,220,1,1
C,1,4,1,0.8,220,2,0
C,1,4,1,0.8,220,2,1
C,1,4,1,0.8,220,3,0
C,1,4,1,0.8,220,3,1
C,1,4,1,0.9,210,-3,0
C,1,4,1,0.9,220,-3,1
C,1,4,1,0.9,210,-2,0
C,1,4,1,0.9,220,-2,1
C,1,4,1,0.9,210,-1,0
C,1,4,1,0.9,220,-1,1
C,1,4,1,0.9,210,-0.5,0
C,1,4,1,0.9,220,-0.5,1
C,1,4,1,0.9,210,0.5,0
C,1,4,1,0.9,220,0.5,1
C,1,4,1,0.9,210,1,0
C,1,4,1,0.9,220,1,1
C,1,4,1,0.9,210,2,0
C,1,4,1,0.9,220,2,1
C,1,4,1,0.9,220,3,0
C,1,4,1,0.9,220,3,1
C,1,8,1,0.1,1040,-3,0
C,1,8,1,0.1,1040,-3,1
C,1,8,1,0.1,1040,-2,0
C,1,8,1,0.1,1040,-2,1
C,1,8,1,0.1,1040,-1,0
C,1,8,1,0.1,1040,-1,1
C,1,8,1,0.1,1040,-0.5,0
C,1,8,1,0.1,1040,-0.5,1
C,1,8,1,0.1,1040,0.5,0
C,1,8,1,0.1,1040,0.5,1
C,1,8,1,0.1,1040,1,0
C,1,8,1,0.1,1040,1,1
C,1,8,1,0.1,1040,2,0
C,1,8,1,0.1,1040,2,1
C,1,8,1,0.1,1040,3,0
C,1,8,1,0.1,1040,3,1
C,1,8,1,0.2,1040,-3,0
C,1,8,1,0.2,1040,-3,1
C,1,8,1,0.2,1040,-2,0
C,1,8,1,0.2,1040,-2,1
C,1,8,1,0.2,1040,-1,0
C,1,8,1,0.2,1040,-1,1
C,1,8,1,0.2,1040,-0.5,0
C,1,8,1,0.2,1040,-0.5,1
C,1,8,1,0.2,1040,0.5,0
C,1,8,1,0.2,1040,0.5,1
C,1,8,1,0.2,1040,1,0
C,1,8,1,0.2,1040,1,1
C,1,8,1,0.2,1040,2,0
C,1,8,1,0.2,1040,2,1
C,1,8,1,0.2,1040,3,0
C,1,8,1,0.2,1040,3,1
C,1,8,1,0.3,1040,-3,0
C,1,8,1,0.3,1040,-3,1
C,1,8,1,0.3,1040,-2,0
C,1,8,1,0.3,1040,-2,1
C,1,8,1,0.3,1040,-1,0
C,1,8,1,0.3,1040,-1,1
C,1,8,1,0.3,1040,-0.5,0
C,1,8,1,0.3,1040,-0.5,1
C,1,8,1,0.3,1040,0.5,0
C,1,8,1,0.3,1040,0.5,1
C,1,8,1,0.3,1040,1,0
C,1,8,1,0.3,1040,1,1
C,1,8,1,0.3,1040,2,0
C,1,8,1,0.3,1040,2,1
C,1,8,1,0.3,1040,3,0
C,1,8,1,0.3,1040,3,1
C,1,8,1,0.4,1040,-3,0
C,1,8,1,0.4,1040,-3,1
C,1,8,1,0.4,1040,-2,0
C,1,8,1,0.4,1040,-2,1
C,1,8,1,0.4,1040,-1,0
C,1,8,1,0.4,1040,-1,1
C,1,8,1,0.4,1040,-0.5,0
C,1,8,1,0.4,1040,-0.5,1
C,1,8,1,0.4,1040,0.5,0
C,1,8,1,0.4,1040,0.5,1
C,1,8,1,0.4,1040,1,0
C,1,8,1,0.4,1040,1,1
C,1,8,1,0.4,1040,2,0
C,1,8,1,0.4,1040,2,1
C,1,8,1,0.4,1040,3,0
C,1,8,1,0.4,1040,3,1
C,1,8,1,0.5,1040,-3,0
C,1,8,1,0.5,1040,-3,1
C,1,8,1,0.5,1040,-2,0
C,1,8,1,0.5,1040,-2,1
C,1,8,1,0.5,1040,-1,0
C,1,8,1,0.5,1040,-1,1
C,1,8,1,0.5,1040,-0.5,0
C,1,8,1,0.5,1040,-0.5,1
C,1,8,1,0.5,1040,0.5,0
C,1,8,1,0.5,1040,0.5,1
C,1,8,1,0.5,1040,1,0
C,1,8,1,0.5,1040,1,1
C,1,8,1,0.5,1040,2,0
C,1,8,1,0.5,1040,2,1
C,1,8,1,0.5,1040,3,0
C,1,8,1,0.5,1040,3,1
C,1,8,1,0.6,1040,-3,0
C,1,8,1,0.6,1040,-3,1
C,1,8,1,0.6,1040,-2,0
C,1,8,1,0.6,1040,-2,1
C,1,8,1,0.6,1040,-1,0
C,1,8,1,0.6,1040,-1,1
C,1,8,1,0.6,1040,-0.5,0
C,1,8,1,0.6,1040,-0.5,1
C,1,8,1,0.6,1040,0.5,0
C,1,8,1,0.6,1040,0.5,1
C,1,8,1,0.6,1040,1,0
C,1,8,1,0.6,1040,1,1
C,1,8,1,0.6,1040,2,0
C,1,8,1,0.6,1040,2,1
C,1,8,1,0.6,1040,3,0
C,1,8,1,0.6,1040,3,1
C,1,8,1,0.8,1040,-3,0
C,1,8,1,0.8,1040,-3,1
C,1,8,1,0.8,1040,-2,0
C,1,8,1,0.8,1040,-2,1
C,1,8,1,0.8,1040,-1,0
C,1,8,1,0.8,1040,-1,1
C,1,8,1,0.8,1040,-0.5,0
C,1,8,1,0.8,1040,-0.5,1
C,1,8,1,0.8,1040,0.5,0
C,1,8,1,0.8,1040,0.5,1
C,1,8,1,0.8,1040,1,0
C,1,8,1,0.8,1040,1,1
C,1,8,1,0.8,1040,2,0
C,1,8,1,0.8,1040,2,1
C,1,8,1,0.8,1040,3,0
C,1,8,1,0.8,1040,3,1
C,1,8,1,0.7,1040,-3,0
C,1,8,1,0.7,1040,-3,1
C,1,8,1,0.7,1040,-2,0
C,1,8,1,0.7,1040,-2,1
C,1,8,1,0.7,1040,-1,0
C,1,8,1,0.7,1040,-1,1
C,1,8,1,0.7,1040,-0.5,0
C,1,8,1,0.7,1040,-0.5,1
C,1,8,1,0.7,1040,0.5,0
C,1,8,1,0.7,1040,0.5,1
C,1,8,1,0.7,1040,1,0
C,1,8,1,0.7,1040,1,1
C,1,8,1,0.7,1040,2,0
C,1,8,1,0.7,1040,2,1
C,1,8,1,0.7,1040,3,0
C,1,8,1,0.7,1040,3,1
C,1,8,1,0.9,1040,-3,0
C,1,8,1,0.9,1040,-3,1
C,1,8,1,0.9,1040,-2,0
C,1,8,1,0.9,1040,-2,1
C,1,8,1,0.9,1040,-1,0
C,1,8,1,0.9,1040,-1,1
C,1,8,1,0.9,1040,-0.5,0
C,1,8,1,0.9,1040,-0.5,1
C,1,8,1,0.9,1040,0.5,0
C,1,8,1,0.9,1040,0.5,1
C,1,8,1,0.9,1040,1,0
C,1,8,1,0.9,1040,1,1
C,1,8,1,0.9,1040,2,0
C,1,8,1,0.9,1040,2,1
C,1,8,1,0.9,1040,3,0
C,1,8,1,0.9,1040,3,1
R,15,1,1,0.2,2655,-3,0
R,15,1,1,0.2,3132,-3,1
R,15,1,1,0.2,2594,-2,0
R,15,1,1,0.2,3064,-2,1
R,15,1,1,0.2,2621,-1,0
R,15,1,1,0.2,3011,-1,1
R,15,1,1,0.2,2606,-0.5,0
R,15,1,1,0.2,2965,-0.5,1
R,15,1,1,0.2,2597,0.5,0
R,15,1,1,0.2,3073,0.5,1
R,15,1,1,0.2,2555,1,0
R,15,1,1,0.2,2850,1,1
R,15,1,1,0.2,2677,2,0
R,15,1,1,0.2,2855,2,1
R,15,1,1,0.2,2632,3,0
R,15,1,1,0.2,2968,3,1
R,15,1,1,0.1,3004,-3,0
R,15,1,1,0.1,3497,-3,1
R,15,1,1,0.1,2981,-2,0
R,15,1,1,0.1,3393,-2,1
R,15,1,1,0.1,3003,-1,0
R,15,1,1,0.1,3455,-1,1
R,15,1,1,0.1,3004,-0.5,0
R,15,1,1,0.1,3465,-0.5,1
R,15,1,1,0.1,2993,0.5,0
R,15,1,1,0.1,3343,0.5,1
R,15,1,1,0.1,3005,1,0
R,15,1,1,0.1,3355,1,1
R,15,1,1,0.1,2995,2,0
R,15,1,1,0.1,3427,2,1
R,15,1,1,0.1,2955,3,0
R,15,1,1,0.1,3419,3,1
R,15,1,1,0.3,2157,-3,0
R,15,1,1,0.3,2770,-3,1
R,15,1,1,0.3,2238,-2,0
R,15,1,1,0.3,2815,-2,1
R,15,1,1,0.3,2289,-1,0
R,15,1,1,0.3,2535,-1,1
R,15,1,1,0.3,2300,-0.5,0
R,15,1,1,0.3,2516,-0.5,1
R,15,1,1,0.3,2337,0.5,0
R,15,1,1,0.3,2565,0.5,1
R,15,1,1,0.3,2332,1,0
R,15,1,1,0.3,2522,1,1
R,15,1,1,0.3,2346,2,0
R,15,1,1,0.3,2581,2,1
R,15,1,1,0.3,2331,3,0
R,15,1,1,0.3,2442,3,1
C,15,4,1,0.9,3200,-3,0
C,15,4,1,0.9,2792,-3,1
C,15,4,1,0.9,3226,-2,0
C,15,4,1,0.9,2695,-2,1
C,15,4,1,0.9,3245,-1,0
C,15,4,1,0.9,2550,-1,1
C,15,4,1,0.9,3374,-0.5,0
C,15,4,1,0.9,2480,-0.5,1
C,15,4,1,0.9,3326,0.5,0
C,15,4,1,0.9,2449,0.5,1
C,15,4,1,0.9,3455,1,0
C,15,4,1,0.9,2500,1,1
C,15,4,1,0.9,3436,2,0
C,15,4,1,0.9,2570,2,1
C,15,4,1,0.9,3318,3,0
C,15,4,1,0.9,2689,3,1
R,15,1,1,0.4,1961,-3,0
R,15,1,1,0.4,2499,-3,1
R,15,1,1,0.4,1886,-2,0
R,15,1,1,0.4,2418,-2,1
R,15,1,1,0.4,1900,-1,0
R,15,1,1,0.4,2429,-1,1
R,15,1,1,0.4,1950,-0.5,0
R,15,1,1,0.4,2334,-0.5,1
R,15,1,1,0.4,1868,0.5,0
R,15,1,1,0.4,2241,0.5,1
R,15,1,1,0.4,1936,1,0
R,15,1,1,0.4,2352,1,1
R,15,1,1,0.4,1916,2,0
R,15,1,1,0.4,2190,2,1
R,15,1,1,0.4,1948,3,0
R,15,1,1,0.4,2318,3,1
R,15,1,1,0.5,1600,-3,0
R,15,1,1,0.5,1894,-3,1
R,15,1,1,0.5,1554,-2,0
R,15,1,1,0.5,1988,-2,1
R,15,1,1,0.5,1555,-1,0
R,15,1,1,0.5,1819,-1,1
R,15,1,1,0.5,1600,-0.5,0
R,15,1,1,0.5,1919,-0.5,1
R,15,1,1,0.5,1582,0.5,0
R,15,1,1,0.5,1920,0.5,1
R,15,1,1,0.5,1571,1,0
R,15,1,1,0.5,1816,1,1
R,15,1,1,0.5,1638,2,0
R,15,1,1,0.5,1962,2,1
R,15,1,1,0.5,1603,3,0
R,15,1,1,0.5,1876,3,1
R,15,1,1,0.6,1333,-3,0
R,15,1,1,0.6,1689,-3,1
R,15,1,1,0.6,1351,-2,0
R,15,1,1,0.6,1766,-2,1
R,15,1,1,0.6,1421,-1,0
R,15,1,1,0.6,1726,-1,1
R,15,1,1,0.6,1416,-0.5,0
R,15,1,1,0.6,1714,-0.5,1
R,15,1,1,0.6,1339,0.5,0
R,15,1,1,0.6,1496,0.5,1
R,15,1,1,0.6,1336,1,0
R,15,1,1,0.6,1829,1,1
R,15,1,1,0.6,1453,2,0
R,15,1,1,0.6,1744,2,1
R,15,1,1,0.6,1502,3,0
R,15,1,1,0.6,1685,3,1
R,15,1,1,0.7,1124,-3,0
R,15,1,1,0.7,1557,-3,1
R,15,1,1,0.7,1110,-2,0
R,15,1,1,0.7,1482,-2,1
R,15,1,1,0.7,1101,-1,0
R,15,1,1,0.7,1612,-1,1
R,15,1,1,0.7,1134,-0.5,0
R,15,1,1,0.7,1454,-0.5,1
R,15,1,1,0.7,1166,0.5,0
R,15,1,1,0.7,1525,0.5,1
R,15,1,1,0.7,1173,1,0
R,15,1,1,0.7,1482,1,1
R,15,1,1,0.7,1196,2,0
R,15,1,1,0.7,1570,2,1
R,15,1,1,0.7,1227,3,0
R,15,1,1,0.7,1480,3,1
R,15,1,1,0.9,531,-3,0
R,15,1,1,0.9,745,-3,1
R,15,1,1,0.9,531,-2,0
R,15,1,1,0.9,745,-2,1
R,15,1,1,0.9,545,-1,0
R,15,1,1,0.9,721,-1,1
R,15,1,1,0.9,527,-0.5,0
R,15,1,1,0.9,721,-0.5,1
R,15,1,1,0.9,597,0.5,0
R,15,1,1,0.9,742,0.5,1
R,15,1,1,0.9,597,1,0
R,15,1,1,0.9,742,1,1
R,15,1,1,0.9,597,2,0
R,15,1,1,0.9,766,2,1
R,15,1,1,0.9,600,3,0
R,15,1,1,0.9,766,3,1
R,15,1,1,0.8,785,-3,0
R,15,1,1,0.8,1086,-3,1
R,15,1,1,0.8,792,-2,0
R,15,1,1,0.8,1083,-2,1
R,15,1,1,0.8,773,-1,0
R,15,1,1,0.8,989,-1,1
R,15,1,1,0.8,794,-0.5,0
R,15,1,1,0.8,1051,-0.5,1
R,15,1,1,0.8,768,0.5,0
R,15,1,1,0.8,989,0.5,1
R,15,1,1,0.8,768,1,0
R,15,1,1,0.8,995,1,1
R,15,1,1,0.8,783,2,0
R,15,1,1,0.8,973,2,1
R,15,1,1,0.8,710,3,0
R,15,1,1,0.8,973,3,1
R,15,4,1,0.4,10647,-3,0
R,15,4,1,0.4,12644,-3,1
R,15,4,1,0.4,10501,-2,0
R,15,4,1,0.4,12729,-2,1
R,15,4,1,0.4,10394,-1,0
R,15,4,1,0.4,12563,-1,1
R,15,4,1,0.4,10708,-0.5,0
R,15,4,1,0.4,12743,-0.5,1
R,15,4,1,0.4,10464,0.5,0
R,15,4,1,0.4,12990,0.5,1
R,15,4,1,0.4,10482,1,0
R,15,4,1,0.4,12852,1,1
R,15,4,1,0.4,10275,2,0
R,15,4,1,0.4,12195,2,1
R,15,4,1,0.4,10589,3,0
R,15,4,1,0.4,12515,3,1
R,15,4,1,0.3,12989,-3,0
R,15,4,1,0.3,15240,-3,1
R,15,4,1,0.3,12800,-2,0
R,15,4,1,0.3,15472,-2,1
R,15,4,1,0.3,12896,-1,0
R,15,4,1,0.3,15582,-1,1
R,15,4,1,0.3,12991,-0.5,0
R,15,4,1,0.3,15045,-0.5,1
R,15,4,1,0.3,12922,0.5,0
R,15,4,1,0.3,15603,0.5,1
R,15,4,1,0.3,12751,1,0
R,15,4,1,0.3,15329,1,1
R,15,4,1,0.3,13098,2,0
R,15,4,1,0.3,15068,2,1
R,15,4,1,0.3,12817,3,0
R,15,4,1,0.3,15115,3,1
R,15,4,1,0.2,15316,-3,0
R,15,4,1,0.2,17863,-3,1
R,15,4,1,0.2,15215,-2,0
R,15,4,1,0.2,17896,-2,1
R,15,4,1,0.2,15159,-1,0
R,15,4,1,0.2,18064,-1,1
R,15,4,1,0.2,15349,-0.5,0
R,15,4,1,0.2,18145,-0.5,1
R,15,4,1,0.2,15306,0.5,0
R,15,4,1,0.2,17948,0.5,1
R,15,4,1,0.2,15286,1,0
R,15,4,1,0.2,18247,1,1
R,15,4,1,0.2,15142,2,0
R,15,4,1,0.2,17606,2,1
R,15,4,1,0.2,15309,3,0
R,15,4,1,0.2,18175,3,1
R,15,4,1,0.1,17765,-3,0
R,15,4,1,0.1,20215,-3,1
R,15,4,1,0.1,17974,-2,0
R,15,4,1,0.1,20176,-2,1
R,15,4,1,0.1,17808,-1,0
R,15,4,1,0.1,20180,-1,1
R,15,4,1,0.1,17792,-0.5,0
R,15,4,1,0.1,20298,-0.5,1
R,15,4,1,0.1,17875,0.5,0
R,15,4,1,0.1,20657,0.5,1
R,15,4,1,0.1,18007,1,0
R,15,4,1,0.1,20395,1,1
R,15,4,1,0.1,17891,2,0
R,15,4,1,0.1,20160,2,1
R,15,4,1,0.1,17891,3,0
R,15,4,1,0.1,20665,3,1
R,15,4,1,0.6,6755,-3,0
R,15,4,1,0.6,8755,-3,1
R,15,4,1,0.6,6933,-2,0
R,15,4,1,0.6,8715,-2,1
R,15,4,1,0.6,6753,-1,0
R,15,4,1,0.6,8757,-1,1
R,15,4,1,0.6,6823,-0.5,0
R,15,4,1,0.6,8848,-0.5,1
R,15,4,1,0.6,6694,0.5,0
R,15,4,1,0.6,8670,0.5,1
R,15,4,1,0.6,6752,1,0
R,15,4,1,0.6,8409,1,1
R,15,4,1,0.6,6812,2,0
R,15,4,1,0.6,8436,2,1
R,15,4,1,0.6,6936,3,0
R,15,4,1,0.6,8483,3,1
R,15,4,1,0.7,5499,-3,0
R,15,4,1,0.7,7188,-3,1
R,15,4,1,0.7,5468,-2,0
R,15,4,1,0.7,7134,-2,1
R,15,4,1,0.7,5544,-1,0
R,15,4,1,0.7,6877,-1,1
R,15,4,1,0.7,5506,-0.5,0
R,15,4,1,0.7,6983,-0.5,1
R,15,4,1,0.7,5438,0.5,0
R,15,4,1,0.7,6785,0.5,1
R,15,4,1,0.7,5467,1,0
R,15,4,1,0.7,7000,1,1
R,15,4,1,0.7,5542,2,0
R,15,4,1,0.7,7071,2,1
R,15,4,1,0.7,5550,3,0
R,15,4,1,0.7,7000,3,1
R,15,5,1,0.1,1848,-3,0
R,15,5,1,0.1,2063,-3,1
R,15,5,1,0.1,1739,-2,0
R,15,5,1,0.1,2152,-2,1
R,15,5,1,0.1,1669,-1,0
R,15,5,1,0.1,2052,-1,1
R,15,5,1,0.1,1688,-0.5,0
R,15,5,1,0.1,1960,-0.5,1
R,15,5,1,0.1,1759,0.5,0
R,15,5,1,0.1,1856,0.5,1
R,15,5,1,0.1,1834,1,0
R,15,5,1,0.1,1875,1,1
R,15,5,1,0.1,1888,2,0
R,15,5,1,0.1,1939,2,1
R,15,5,1,0.1,1897,3,0
R,15,5,1,0.1,1903,3,1
R,15,4,1,0.5,8794,-3,0
R,15,4,1,0.5,11265,-3,1
R,15,4,1,0.5,8695,-2,0
R,15,4,1,0.5,11112,-2,1
R,15,4,1,0.5,8786,-1,0
R,15,4,1,0.5,10852,-1,1
R,15,4,1,0.5,8845,-0.5,0
R,15,4,1,0.5,11035,-0.5,1
R,15,4,1,0.5,8756,0.5,0
R,15,4,1,0.5,10680,0.5,1
R,15,4,1,0.5,8819,1,0
R,15,4,1,0.5,10696,1,1
R,15,4,1,0.5,8718,2,0
R,15,4,1,0.5,10579,2,1
R,15,4,1,0.5,8807,3,0
R,15,4,1,0.5,10575,3,1
R,15,5,1,0.3,1413,-3,0
R,15,5,1,0.3,1551,-3,1
R,15,5,1,0.3,1296,-2,0
R,15,5,1,0.3,1592,-2,1
R,15,5,1,0.3,1255,-1,0
R,15,5,1,0.3,1587,-1,1
R,15,5,1,0.3,1184,-0.5,0
R,15,5,1,0.3,1618,-0.5,1
R,15,5,1,0.3,1249,0.5,0
R,15,5,1,0.3,1513,0.5,1
R,15,5,1,0.3,1339,1,0
R,15,5,1,0.3,1486,1,1
R,15,5,1,0.3,1247,2,0
R,15,5,1,0.3,1341,2,1
R,15,5,1,0.3,1312,3,0
R,15,5,1,0.3,1521,3,1
R,15,5,1,0.2,1461,-3,0
R,15,5,1,0.2,1721,-3,1
R,15,5,1,0.2,1396,-2,0
R,15,5,1,0.2,1830,-2,1
R,15,5,1,0.2,1339,-1,0
R,15,5,1,0.2,1730,-1,1
R,15,5,1,0.2,1319,-0.5,0
R,15,5,1,0.2,1413,-0.5,1
R,15,5,1,0.2,1406,0.5,0
R,15,5,1,0.2,1511,0.5,1
R,15,5,1,0.2,1322,1,0
R,15,5,1,0.2,1471,1,1
R,15,5,1,0.2,1472,2,0
R,15,5,1,0.2,1424,2,1
R,15,5,1,0.2,1602,3,0
R,15,5,1,0.2,1382,3,1
R,15,5,1,0.5,1018,-3,0
R,15,5,1,0.5,1272,-3,1
R,15,5,1,0.5,1029,-2,0
R,15,5,1,0.5,1151,-2,1
R,15,5,1,0.5,945,-1,0
R,15,5,1,0.5,1205,-1,1
R,15,5,1,0.5,960,-0.5,0
R,15,5,1,0.5,1235,-0.5,1
R,15,5,1,0.5,997,0.5,0
R,15,5,1,0.5,1094,0.5,1
R,15,5,1,0.5,1043,1,0
R,15,5,1,0.5,1130,1,1
R,15,5,1,0.5,1102,2,0
R,15,5,1,0.5,1158,2,1
R,15,5,1,0.5,1195,3,0
R,15,5,1,0.5,1146,3,1
R,15,5,1,0.4,1179,-3,0
R,15,5,1,0.4,1279,-3,1
R,15,5,1,0.4,1125,-2,0
R,15,5,1,0.4,1496,-2,1
R,15,5,1,0.4,1129,-1,0
R,15,5,1,0.4,1397,-1,1
R,15,5,1,0.4,1072,-0.5,0
R,15,5,1,0.4,1372,-0.5,1
R,15,5,1,0.4,1070,0.5,0
R,15,5,1,0.4,1329,0.5,1
R,15,5,1,0.4,1085,1,0
R,15,5,1,0.4,1351,1,1
R,15,5,1,0.4,1349,2,0
R,15,5,1,0.4,1266,2,1
R,15,5,1,0.4,1320,3,0
R,15,5,1,0.4,1331,3,1
R,15,5,1,0.6,802,-3,0
R,15,5,1,0.6,1093,-3,1
R,15,5,1,0.6,795,-2,0
R,15,5,1,0.6,1009,-2,1
R,15,5,1,0.6,734,-1,0
R,15,5,1,0.6,1022,-1,1
R,15,5,1,0.6,784,-0.5,0
R,15,5,1,0.6,1039,-0.5,1
R,15,5,1,0.6,779,0.5,0
R,15,5,1,0.6,979,0.5,1
R,15,5,1,0.6,948,1,0
R,15,5,1,0.6,850,1,1
R,15,5,1,0.6,888,2,0
R,15,5,1,0.6,869,2,1
R,15,5,1,0.6,915,3,0
R,15,5,1,0.6,897,3,1
R,15,5,1,0.7,873,-3,0
R,15,5,1,0.7,1013,-3,1
R,15,5,1,0.7,841,-2,0
R,15,5,1,0.7,1006,-2,1
R,15,5,1,0.7,778,-1,0
R,15,5,1,0.7,907,-1,1
R,15,5,1,0.7,719,-0.5,0
R,15,5,1,0.7,916,-0.5,1
R,15,5,1,0.7,659,0.5,0
R,15,5,1,0.7,901,0.5,1
R,15,5,1,0.7,719,1,0
R,15,5,1,0.7,905,1,1
R,15,5,1,0.7,752,2,0
R,15,5,1,0.7,806,2,1
R,15,5,1,0.7,815,3,0
R,15,5,1,0.7,906,3,1
R,15,5,1,0.8,532,-3,0
R,15,5,1,0.8,875,-3,1
R,15,5,1,0.8,550,-2,0
R,15,5,1,0.8,700,-2,1
R,15,5,1,0.8,549,-1,0
R,15,5,1,0.8,665,-1,1
R,15,5,1,0.8,507,-0.5,0
R,15,5,1,0.8,644,-0.5,1
R,15,5,1,0.8,560,0.5,0
R,15,5,1,0.8,705,0.5,1
R,15,5,1,0.8,565,1,0
R,15,5,1,0.8,608,1,1
R,15,5,1,0.8,595,2,0
R,15,5,1,0.8,621,2,1
R,15,5,1,0.8,595,3,0
R,15,5,1,0.8,699,3,1
R,15,5,1,0.9,353,-3,0
R,15,5,1,0.9,420,-3,1
R,15,5,1,0.9,313,-2,0
R,15,5,1,0.9,426,-2,1
R,15,5,1,0.9,397,-1,0
R,15,5,1,0.9,461,-1,1
R,15,5,1,0.9,373,-0.5,0
R,15,5,1,0.9,461,-0.5,1
R,15,5,1,0.9,360,0.5,0
R,15,5,1,0.9,458,0.5,1
R,15,5,1,0.9,346,1,0
R,15,5,1,0.9,458,1,1
R,15,5,1,0.9,358,2,0
R,15,5,1,0.9,347,2,1
R,15,5,1,0.9,386,3,0
R,15,5,1,0.9,445,3,1
R,15,4,1,0.8,3909,-3,0
R,15,4,1,0.8,5028,-3,1
R,15,4,1,0.8,3883,-2,0
R,15,4,1,0.8,4950,-2,1
R,15,4,1,0.8,3941,-1,0
R,15,4,1,0.8,4863,-1,1
R,15,4,1,0.8,3812,-0.5,0
R,15,4,1,0.8,4919,-0.5,1
R,15,4,1,0.8,3879,0.5,0
R,15,4,1,0.8,4996,0.5,1
R,15,4,1,0.8,3915,1,0
R,15,4,1,0.8,4956,1,1
R,15,4,1,0.8,3921,2,0
R,15,4,1,0.8,5065,2,1
R,15,4,1,0.8,3891,3,0
R,15,4,1,0.8,4968,3,1
R,15,8,1,0.2,4489,-3,0
R,15,8,1,0.2,4741,-3,1
R,15,8,1,0.2,4437,-2,0
R,15,8,1,0.2,4719,-2,1
R,15,8,1,0.2,4304,-1,0
R,15,8,1,0.2,4708,-1,1
R,15,8,1,0.2,4221,-0.5,0
R,15,8,1,0.2,4746,-0.5,1
R,15,8,1,0.2,4278,0.5,0
R,15,8,1,0.2,4617,0.5,1
R,15,8,1,0.2,4333,1,0
R,15,8,1,0.2,4606,1,1
R,15,8,1,0.2,4397,2,0
R,15,8,1,0.2,4736,2,1
R,15,8,1,0.2,4557,3,0
R,15,8,1,0.2,4651,3,1
R,15,8,1,0.1,4711,-3,0
R,15,8,1,0.1,4916,-3,1
R,15,8,1,0.1,4641,-2,0
R,15,8,1,0.1,4885,-2,1
R,15,8,1,0.1,4566,-1,0
R,15,8,1,0.1,4894,-1,1
R,15,8,1,0.1,4570,-0.5,0
R,15,8,1,0.1,4837,-0.5,1
R,15,8,1,0.1,4562,0.5,0
R,15,8,1,0.1,4863,0.5,1
R,15,8,1,0.1,4618,1,0
R,15,8,1,0.1,4864,1,1
R,15,8,1,0.1,4703,2,0
R,15,8,1,0.1,4885,2,1
R,15,8,1,0.1,4743,3,0
R,15,8,1,0.1,4897,3,1
R,15,8,1,0.3,4590,-3,0
R,15,8,1,0.3,4923,-3,1
R,15,8,1,0.3,4414,-2,0
R,15,8,1,0.3,4916,-2,1
R,15,8,1,0.3,4185,-1,0
R,15,8,1,0.3,4811,-1,1
R,15,8,1,0.3,4121,-0.5,0
R,15,8,1,0.3,4815,-0.5,1
R,15,8,1,0.3,4123,0.5,0
R,15,8,1,0.3,4819,0.5,1
R,15,8,1,0.3,4180,1,0
R,15,8,1,0.3,4835,1,1
R,15,8,1,0.3,4385,2,0
R,15,8,1,0.3,4877,2,1
R,15,8,1,0.3,4449,3,0
R,15,8,1,0.3,4918,3,1
R,15,8,1,0.4,4414,-3,0
R,15,8,1,0.4,4824,-3,1
R,15,8,1,0.4,4165,-2,0
R,15,8,1,0.4,4841,-2,1
R,15,8,1,0.4,3931,-1,0
R,15,8,1,0.4,4771,-1,1
R,15,8,1,0.4,3874,-0.5,0
R,15,8,1,0.4,4778,-0.5,1
R,15,8,1,0.4,3872,0.5,0
R,15,8,1,0.4,4783,0.5,1
R,15,8,1,0.4,4040,1,0
R,15,8,1,0.4,4665,1,1
R,15,8,1,0.4,4155,2,0
R,15,8,1,0.4,4780,2,1
R,15,8,1,0.4,4351,3,0
R,15,8,1,0.4,4800,3,1
R,15,8,1,0.5,4126,-3,0
R,15,8,1,0.5,4903,-3,1
R,15,8,1,0.5,3970,-2,0
R,15,8,1,0.5,4721,-2,1
R,15,8,1,0.5,3717,-1,0
R,15,8,1,0.5,4750,-1,1
R,15,8,1,0.5,3614,-0.5,0
R,15,8,1,0.5,4656,-0.5,1
R,15,8,1,0.5,3598,0.5,0
R,15,8,1,0.5,4589,0.5,1
R,15,8,1,0.5,3773,1,0
R,15,8,1,0.5,4674,1,1
R,15,8,1,0.5,3869,2,0
R,15,8,1,0.5,4720,2,1
R,15,8,1,0.5,4182,3,0
R,15,8,1,0.5,4779,3,1
R,15,8,1,0.6,3799,-3,0
R,15,8,1,0.6,4595,-3,1
R,15,8,1,0.6,3618,-2,0
R,15,8,1,0.6,4475,-2,1
R,15,8,1,0.6,3430,-1,0
R,15,8,1,0.6,4438,-1,1
R,15,8,1,0.6,3338,-0.5,0
R,15,8,1,0.6,4397,-0.5,1
R,15,8,1,0.6,3393,0.5,0
R,15,8,1,0.6,4442,0.5,1
R,15,8,1,0.6,3442,1,0
R,15,8,1,0.6,4420,1,1
R,15,8,1,0.6,3652,2,0
R,15,8,1,0.6,4360,2,1
R,15,8,1,0.6,3913,3,0
R,15,8,1,0.6,4480,3,1
R,15,8,1,0.7,3189,-3,0
R,15,8,1,0.7,4117,-3,1
R,15,8,1,0.7,2964,-2,0
R,15,8,1,0.7,3942,-2,1
R,15,8,1,0.7,2933,-1,0
R,15,8,1,0.7,3886,-1,1
R,15,8,1,0.7,2906,-0.5,0
R,15,8,1,0.7,3999,-0.5,1
R,15,8,1,0.7,2849,0.5,0
R,15,8,1,0.7,3859,0.5,1
R,15,8,1,0.7,2932,1,0
R,15,8,1,0.7,3913,1,1
R,15,8,1,0.7,3064,2,0
R,15,8,1,0.7,3871,2,1
R,15,8,1,0.7,3283,3,0
R,15,8,1,0.7,3752,3,1
R,1,1,1,0.1,402,-3,0
R,1,1,1,0.1,402,-3,1
R,1,1,1,0.1,402,-2,0
R,1,1,1,0.1,402,-2,1
R,1,1,1,0.1,402,-1,0
R,1,1,1,0.1,405,-1,1
R,1,1,1,0.1,402,-0.5,0
R,1,1,1,0.1,405,-0.5,1
R,1,1,1,0.1,402,0.5,0
R,1,1,1,0.1,405,0.5,1
R,1,1,1,0.1,402,1,0
R,1,1,1,0.1,405,1,1
R,1,1,1,0.1,402,2,0
R,1,1,1,0.1,405,2,1
R,1,1,1,0.1,402,3,0
R,1,1,1,0.1,405,3,1
R,1,1,1,0.2,456,-3,0
R,1,1,1,0.2,458,-3,1
R,1,1,1,0.2,456,-2,0
R,1,1,1,0.2,458,-2,1
R,1,1,1,0.2,456,-1,0
R,1,1,1,0.2,458,-1,1
R,1,1,1,0.2,456,-0.5,0
R,1,1,1,0.2,458,-0.5,1
R,1,1,1,0.2,456,0.5,0
R,1,1,1,0.2,457,0.5,1
R,1,1,1,0.2,456,1,0
R,1,1,1,0.2,458,1,1
R,1,1,1,0.2,456,2,0
R,1,1,1,0.2,458,2,1
R,1,1,1,0.2,456,3,0
R,1,1,1,0.2,457,3,1
R,1,1,1,0.3,373,-3,0
R,1,1,1,0.3,408,-3,1
R,1,1,1,0.3,373,-2,0
R,1,1,1,0.3,408,-2,1
R,1,1,1,0.3,373,-1,0
R,1,1,1,0.3,393,-1,1
R,1,1,1,0.3,373,-0.5,0
R,1,1,1,0.3,393,-0.5,1
R,1,1,1,0.3,373,0.5,0
R,1,1,1,0.3,408,0.5,1
R,1,1,1,0.3,373,1,0
R,1,1,1,0.3,408,1,1
R,1,1,1,0.3,373,2,0
R,1,1,1,0.3,408,2,1
R,1,1,1,0.3,373,3,0
R,1,1,1,0.3,408,3,1
R,1,1,1,0.4,439,-3,0
R,1,1,1,0.4,439,-3,1
R,1,1,1,0.4,430,-2,0
R,1,1,1,0.4,439,-2,1
R,1,1,1,0.4,436,-1,0
R,1,1,1,0.4,439,-1,1
R,1,1,1,0.4,436,-0.5,0
R,1,1,1,0.4,439,-0.5,1
R,1,1,1,0.4,436,0.5,0
R,1,1,1,0.4,439,0.5,1
R,1,1,1,0.4,436,1,0
R,1,1,1,0.4,439,1,1
R,1,1,1,0.4,436,2,0
R,1,1,1,0.4,439,2,1
R,1,1,1,0.4,436,3,0
R,1,1,1,0.4,439,3,1
R,1,1,1,0.5,447,-3,0
R,1,1,1,0.5,463,-3,1
R,1,1,1,0.5,447,-2,0
R,1,1,1,0.5,463,-2,1
R,1,1,1,0.5,447,-1,0
R,1,1,1,0.5,460,-1,1
R,1,1,1,0.5,447,-0.5,0
R,1,1,1,0.5,463,-0.5,1
R,1,1,1,0.5,447,0.5,0
R,1,1,1,0.5,463,0.5,1
R,1,1,1,0.5,447,1,0
R,1,1,1,0.5,463,1,1
R,1,1,1,0.5,447,2,0
R,1,1,1,0.5,463,2,1
R,1,1,1,0.5,447,3,0
R,1,1,1,0.5,463,3,1
R,1,1,1,0.6,392,-3,0
R,1,1,1,0.6,460,-3,1
R,1,1,1,0.6,392,-2,0
R,1,1,1,0.6,454,-2,1
R,1,1,1,0.6,392,-1,0
R,1,1,1,0.6,460,-1,1
R,1,1,1,0.6,392,-0.5,0
R,1,1,1,0.6,460,-0.5,1
R,1,1,1,0.6,392,0.5,0
R,1,1,1,0.6,460,0.5,1
R,1,1,1,0.6,392,1,0
R,1,1,1,0.6,454,1,1
R,1,1,1,0.6,395,2,0
R,1,1,1,0.6,460,2,1
R,1,1,1,0.6,395,3,0
R,1,1,1,0.6,454,3,1
R,1,1,1,0.7,418,-3,0
R,1,1,1,0.7,453,-3,1
R,1,1,1,0.7,401,-2,0
R,1,1,1,0.7,459,-2,1
R,1,1,1,0.7,401,-1,0
R,1,1,1,0.7,453,-1,1
R,1,1,1,0.7,396,-0.5,0
R,1,1,1,0.7,428,-0.5,1
R,1,1,1,0.7,396,0.5,0
R,1,1,1,0.7,453,0.5,1
R,1,1,1,0.7,396,1,0
R,1,1,1,0.7,459,1,1
R,1,1,1,0.7,396,2,0
R,1,1,1,0.7,443,2,1
R,1,1,1,0.7,396,3,0
R,1,1,1,0.7,453,3,1
R,1,1,1,0.8,346,-3,0
R,1,1,1,0.8,444,-3,1
R,1,1,1,0.8,346,-2,0
R,1,1,1,0.8,444,-2,1
R,1,1,1,0.8,346,-1,0
R,1,1,1,0.8,424,-1,1
R,1,1,1,0.8,346,-0.5,0
R,1,1,1,0.8,422,-0.5,1
R,1,1,1,0.8,346,0.5,0
R,1,1,1,0.8,444,0.5,1
R,1,1,1,0.8,346,1,0
R,1,1,1,0.8,423,1,1
R,1,1,1,0.8,346,2,0
R,1,1,1,0.8,433,2,1
R,1,1,1,0.8,346,3,0
R,1,1,1,0.8,444,3,1
R,1,1,1,0.9,347,-3,0
R,1,1,1,0.9,450,-3,1
R,1,1,1,0.9,347,-2,0
R,1,1,1,0.9,450,-2,1
R,1,1,1,0.9,341,-1,0
R,1,1,1,0.9,450,-1,1
R,1,1,1,0.9,341,-0.5,0
R,1,1,1,0.9,450,-0.5,1
R,1,1,1,0.9,338,0.5,0
R,1,1,1,0.9,457,0.5,1
R,1,1,1,0.9,338,1,0
R,1,1,1,0.9,457,1,1
R,1,1,1,0.9,338,2,0
R,1,1,1,0.9,457,2,1
R,1,1,1,0.9,343,3,0
R,1,1,1,0.9,457,3,1
R,15,8,1,0.8,2507,-3,0
R,15,8,1,0.8,3155,-3,1
R,15,8,1,0.8,2375,-2,0
R,15,8,1,0.8,3057,-2,1
R,15,8,1,0.8,2263,-1,0
R,15,8,1,0.8,3109,-1,1
R,15,8,1,0.8,2254,-0.5,0
R,15,8,1,0.8,2953,-0.5,1
R,15,8,1,0.8,2278,0.5,0
R,15,8,1,0.8,2987,0.5,1
R,15,8,1,0.8,2320,1,0
R,15,8,1,0.8,2979,1,1
R,15,8,1,0.8,2384,2,0
R,15,8,1,0.8,2942,2,1
R,15,8,1,0.8,2451,3,0
R,15,8,1,0.8,2990,3,1
R,15,8,1,0.9,1423,-3,0
R,15,8,1,0.9,1950,-3,1
R,15,8,1,0.9,1385,-2,0
R,15,8,1,0.9,1920,-2,1
R,15,8,1,0.9,1364,-1,0
R,15,8,1,0.9,1954,-1,1
R,15,8,1,0.9,1336,-0.5,0
R,15,8,1,0.9,1829,-0.5,1
R,15,8,1,0.9,1396,0.5,0
R,15,8,1,0.9,1842,0.5,1
R,15,8,1,0.9,1440,1,0
R,15,8,1,0.9,1924,1,1
R,15,8,1,0.9,1507,2,0
R,15,8,1,0.9,1828,2,1
R,15,8,1,0.9,1577,3,0
R,15,8,1,0.9,1824,3,1
R,1,4,1,0.1,657,-3,0
R,1,4,1,0.1,659,-3,1
R,1,4,1,0.1,657,-2,0
R,1,4,1,0.1,659,-2,1
R,1,4,1,0.1,657,-1,0
R,1,4,1,0.1,659,-1,1
R,1,4,1,0.1,657,-0.5,0
R,1,4,1,0.1,659,-0.5,1
R,1,4,1,0.1,657,0.5,0
R,1,4,1,0.1,659,0.5,1
R,1,4,1,0.1,657,1,0
R,1,4,1,0.1,659,1,1
R,1,4,1,0.1,657,2,0
R,1,4,1,0.1,659,2,1
R,1,4,1,0.1,657,3,0
R,1,4,1,0.1,659,3,1
R,1,4,1,0.2,603,-3,0
R,1,4,1,0.2,630,-3,1
R,1,4,1,0.2,603,-2,0
R,1,4,1,0.2,619,-2,1
R,1,4,1,0.2,603,-1,0
R,1,4,1,0.2,628,-1,1
R,1,4,1,0.2,603,-0.5,0
R,1,4,1,0.2,630,-0.5,1
R,1,4,1,0.2,603,0.5,0
R,1,4,1,0.2,630,0.5,1
R,1,4,1,0.2,603,1,0
R,1,4,1,0.2,630,1,1
R,1,4,1,0.2,603,2,0
R,1,4,1,0.2,630,2,1
R,1,4,1,0.2,603,3,0
R,1,4,1,0.2,630,3,1
R,1,4,1,0.3,636,-3,0
R,1,4,1,0.3,650,-3,1
R,1,4,1,0.3,636,-2,0
R,1,4,1,0.3,650,-2,1
R,1,4,1,0.3,636,-1,0
R,1,4,1,0.3,654,-1,1
R,1,4,1,0.3,636,-0.5,0
R,1,4,1,0.3,654,-0.5,1
R,1,4,1,0.3,636,0.5,0
R,1,4,1,0.3,647,0.5,1
R,1,4,1,0.3,636,1,0
R,1,4,1,0.3,654,1,1
R,1,4,1,0.3,636,2,0
R,1,4,1,0.3,654,2,1
R,1,4,1,0.3,627,3,0
R,1,4,1,0.3,650,3,1
R,1,4,1,0.4,614,-3,0
R,1,4,1,0.4,648,-3,1
R,1,4,1,0.4,614,-2,0
R,1,4,1,0.4,648,-2,1
R,1,4,1,0.4,614,-1,0
R,1,4,1,0.4,640,-1,1
R,1,4,1,0.4,614,-0.5,0
R,1,4,1,0.4,648,-0.5,1
R,1,4,1,0.4,614,0.5,0
R,1,4,1,0.4,645,0.5,1
R,1,4,1,0.4,614,1,0
R,1,4,1,0.4,648,1,1
R,1,4,1,0.4,614,2,0
R,1,4,1,0.4,645,2,1
R,1,4,1,0.4,614,3,0
R,1,4,1,0.4,644,3,1
R,1,4,1,0.5,595,-3,0
R,1,4,1,0.5,627,-3,1
R,1,4,1,0.5,595,-2,0
R,1,4,1,0.5,630,-2,1
R,1,4,1,0.5,595,-1,0
R,1,4,1,0.5,627,-1,1
R,1,4,1,0.5,586,-0.5,0
R,1,4,1,0.5,631,-0.5,1
R,1,4,1,0.5,586,0.5,0
R,1,4,1,0.5,631,0.5,1
R,1,4,1,0.5,586,1,0
R,1,4,1,0.5,631,1,1
R,1,4,1,0.5,586,2,0
R,1,4,1,0.5,622,2,1
R,1,4,1,0.5,586,3,0
R,1,4,1,0.5,631,3,1
R,1,4,1,0.6,575,-3,0
R,1,4,1,0.6,628,-3,1
R,1,4,1,0.6,575,-2,0
R,1,4,1,0.6,643,-2,1
R,1,4,1,0.6,575,-1,0
R,1,4,1,0.6,636,-1,1
R,1,4,1,0.6,575,-0.5,0
R,1,4,1,0.6,643,-0.5,1
R,1,4,1,0.6,589,0.5,0
R,1,4,1,0.6,639,0.5,1
R,1,4,1,0.6,589,1,0
R,1,4,1,0.6,643,1,1
R,1,4,1,0.6,589,2,0
R,1,4,1,0.6,627,2,1
R,1,4,1,0.6,586,3,0
R,1,4,1,0.6,634,3,1
R,1,4,1,0.7,569,-3,0
R,1,4,1,0.7,676,-3,1
R,1,4,1,0.7,569,-2,0
R,1,4,1,0.7,674,-2,1
R,1,4,1,0.7,569,-1,0
R,1,4,1,0.7,676,-1,1
R,1,4,1,0.7,569,-0.5,0
R,1,4,1,0.7,669,-0.5,1
R,1,4,1,0.7,569,0.5,0
R,1,4,1,0.7,662,0.5,1
R,1,4,1,0.7,569,1,0
R,1,4,1,0.7,676,1,1
R,1,4,1,0.7,569,2,0
R,1,4,1,0.7,676,2,1
R,1,4,1,0.7,569,3,0
R,1,4,1,0.7,676,3,1
R,1,5,1,0.1,294,-3,0
R,1,5,1,0.1,294,-3,1
R,1,5,1,0.1,294,-2,0
R,1,5,1,0.1,294,-2,1
R,1,5,1,0.1,294,-1,0
R,1,5,1,0.1,294,-1,1
R,1,5,1,0.1,294,-0.5,0
R,1,5,1,0.1,294,-0.5,1
R,1,5,1,0.1,294,0.5,0
R,1,5,1,0.1,294,0.5,1
R,1,5,1,0.1,294,1,0
R,1,5,1,0.1,294,1,1
R,1,5,1,0.1,294,2,0
R,1,5,1,0.1,294,2,1
R,1,5,1,0.1,294,3,0
R,1,5,1,0.1,294,3,1
R,1,5,1,0.2,293,-3,0
R,1,5,1,0.2,293,-3,1
R,1,5,1,0.2,293,-2,0
R,1,5,1,0.2,293,-2,1
R,1,5,1,0.2,293,-1,0
R,1,5,1,0.2,293,-1,1
R,1,5,1,0.2,293,-0.5,0
R,1,5,1,0.2,293,-0.5,1
R,1,5,1,0.2,293,0.5,0
R,1,5,1,0.2,293,0.5,1
R,1,5,1,0.2,293,1,0
R,1,5,1,0.2,293,1,1
R,1,5,1,0.2,293,2,0
R,1,5,1,0.2,293,2,1
R,1,5,1,0.2,293,3,0
R,1,5,1,0.2,293,3,1
R,1,5,1,0.3,291,-3,0
R,1,5,1,0.3,287,-3,1
R,1,5,1,0.3,291,-2,0
R,1,5,1,0.3,287,-2,1
R,1,5,1,0.3,291,-1,0
R,1,5,1,0.3,287,-1,1
R,1,5,1,0.3,291,-0.5,0
R,1,5,1,0.3,287,-0.5,1
R,1,5,1,0.3,291,0.5,0
R,1,5,1,0.3,292,0.5,1
R,1,5,1,0.3,292,1,0
R,1,5,1,0.3,292,1,1
R,1,5,1,0.3,287,2,0
R,1,5,1,0.3,292,2,1
R,1,5,1,0.3,287,3,0
R,1,5,1,0.3,292,3,1
R,1,5,1,0.4,292,-3,0
R,1,5,1,0.4,297,-3,1
R,1,5,1,0.4,292,-2,0
R,1,5,1,0.4,297,-2,1
R,1,5,1,0.4,297,-1,0
R,1,5,1,0.4,297,-1,1
R,1,5,1,0.4,290,-0.5,0
R,1,5,1,0.4,297,-0.5,1
R,1,5,1,0.4,290,0.5,0
R,1,5,1,0.4,297,0.5,1
R,1,5,1,0.4,290,1,0
R,1,5,1,0.4,297,1,1
R,1,5,1,0.4,292,2,0
R,1,5,1,0.4,297,2,1
R,1,5,1,0.4,292,3,0
R,1,5,1,0.4,297,3,1
R,1,5,1,0.5,295,-3,0
R,1,5,1,0.5,295,-3,1
R,1,5,1,0.5,295,-2,0
R,1,5,1,0.5,295,-2,1
R,1,5,1,0.5,295,-1,0
R,1,5,1,0.5,295,-1,1
R,1,5,1,0.5,292,-0.5,0
R,1,5,1,0.5,292,-0.5,1
R,1,5,1,0.5,292,0.5,0
R,1,5,1,0.5,295,0.5,1
R,1,5,1,0.5,292,1,0
R,1,5,1,0.5,295,1,1
R,1,5,1,0.5,292,2,0
R,1,5,1,0.5,295,2,1
R,1,5,1,0.5,295,3,0
R,1,5,1,0.5,295,3,1
R,1,5,1,0.6,288,-3,0
R,1,5,1,0.6,288,-3,1
R,1,5,1,0.6,288,-2,0
R,1,5,1,0.6,288,-2,1
R,1,5,1,0.6,282,-1,0
R,1,5,1,0.6,288,-1,1
R,1,5,1,0.6,282,-0.5,0
R,1,5,1,0.6,288,-0.5,1
R,1,5,1,0.6,288,0.5,0
R,1,5,1,0.6,288,0.5,1
R,1,5,1,0.6,288,1,0
R,1,5,1,0.6,288,1,1
R,1,5,1,0.6,288,2,0
R,1,5,1,0.6,288,2,1
R,1,5,1,0.6,288,3,0
R,1,5,1,0.6,288,3,1
R,1,5,1,0.7,298,-3,0
R,1,5,1,0.7,299,-3,1
R,1,5,1,0.7,298,-2,0
R,1,5,1,0.7,299,-2,1
R,1,5,1,0.7,298,-1,0
R,1,5,1,0.7,299,-1,1
R,1,5,1,0.7,295,-0.5,0
R,1,5,1,0.7,299,-0.5,1
R,1,5,1,0.7,298,0.5,0
R,1,5,1,0.7,299,0.5,1
R,1,5,1,0.7,299,1,0
R,1,5,1,0.7,299,1,1
R,1,5,1,0.7,299,2,0
R,1,5,1,0.7,299,2,1
R,1,5,1,0.7,299,3,0
R,1,5,1,0.7,299,3,1
R,1,5,1,0.8,295,-3,0
R,1,5,1,0.8,295,-3,1
R,1,5,1,0.8,295,-2,0
R,1,5,1,0.8,295,-2,1
R,1,5,1,0.8,294,-1,0
R,1,5,1,0.8,295,-1,1
R,1,5,1,0.8,295,-0.5,0
R,1,5,1,0.8,295,-0.5,1
R,1,5,1,0.8,295,0.5,0
R,1,5,1,0.8,295,0.5,1
R,1,5,1,0.8,289,1,0
R,1,5,1,0.8,295,1,1
R,1,5,1,0.8,290,2,0
R,1,5,1,0.8,294,2,1
R,1,5,1,0.8,290,3,0
R,1,5,1,0.8,295,3,1
R,1,5,1,0.9,283,-3,0
R,1,5,1,0.9,277,-3,1
R,1,5,1,0.9,278,-2,0
R,1,5,1,0.9,277,-2,1
R,1,5,1,0.9,279,-1,0
R,1,5,1,0.9,286,-1,1
R,1,5,1,0.9,266,-0.5,0
R,1,5,1,0.9,286,-0.5,1
R,1,5,1,0.9,266,0.5,0
R,1,5,1,0.9,284,0.5,1
R,1,5,1,0.9,272,1,0
R,1,5,1,0.9,284,1,1
R,1,5,1,0.9,272,2,0
R,1,5,1,0.9,280,2,1
R,1,5,1,0.9,272,3,0
R,1,5,1,0.9,286,3,1
R,1,4,1,0.8,587,-3,0
R,1,4,1,0.8,657,-3,1
R,1,4,1,0.8,587,-2,0
R,1,4,1,0.8,657,-2,1
R,1,4,1,0.8,587,-1,0
R,1,4,1,0.8,657,-1,1
R,1,4,1,0.8,587,-0.5,0
R,1,4,1,0.8,657,-0.5,1
R,1,4,1,0.8,590,0.5,0
R,1,4,1,0.8,656,0.5,1
R,1,4,1,0.8,590,1,0
R,1,4,1,0.8,657,1,1
R,1,4,1,0.8,590,2,0
R,1,4,1,0.8,656,2,1
R,1,4,1,0.8,586,3,0
R,1,4,1,0.8,655,3,1
R,1,4,1,0.9,536,-3,0
R,1,4,1,0.9,663,-3,1
R,1,4,1,0.9,536,-2,0
R,1,4,1,0.9,663,-2,1
R,1,4,1,0.9,536,-1,0
R,1,4,1,0.9,650,-1,1
R,1,4,1,0.9,536,-0.5,0
R,1,4,1,0.9,653,-0.5,1
R,1,4,1,0.9,536,0.5,0
R,1,4,1,0.9,657,0.5,1
R,1,4,1,0.9,536,1,0
R,1,4,1,0.9,661,1,1
R,1,4,1,0.9,536,2,0
R,1,4,1,0.9,663,2,1
R,1,4,1,0.9,536,3,0
R,1,4,1,0.9,648,3,1
R,1,8,1,0.1,334,-3,0
R,1,8,1,0.1,334,-3,1
R,1,8,1,0.1,334,-2,0
R,1,8,1,0.1,334,-2,1
R,1,8,1,0.1,334,-1,0
R,1,8,1,0.1,334,-1,1
R,1,8,1,0.1,334,-0.5,0
R,1,8,1,0.1,334,-0.5,1
R,1,8,1,0.1,334,0.5,0
R,1,8,1,0.1,334,0.5,1
R,1,8,1,0.1,331,1,0
R,1,8,1,0.1,334,1,1
R,1,8,1,0.1,331,2,0
R,1,8,1,0.1,334,2,1
R,1,8,1,0.1,331,3,0
R,1,8,1,0.1,334,3,1
R,1,8,1,0.2,320,-3,0
R,1,8,1,0.2,320,-3,1
R,1,8,1,0.2,320,-2,0
R,1,8,1,0.2,320,-2,1
R,1,8,1,0.2,320,-1,0
R,1,8,1,0.2,320,-1,1
R,1,8,1,0.2,320,-0.5,0
R,1,8,1,0.2,320,-0.5,1
R,1,8,1,0.2,320,0.5,0
R,1,8,1,0.2,320,0.5,1
R,1,8,1,0.2,320,1,0
R,1,8,1,0.2,320,1,1
R,1,8,1,0.2,320,2,0
R,1,8,1,0.2,320,2,1
R,1,8,1,0.2,320,3,0
R,1,8,1,0.2,320,3,1
R,1,8,1,0.3,348,-3,0
R,1,8,1,0.3,348,-3,1
R,1,8,1,0.3,348,-2,0
R,1,8,1,0.3,348,-2,1
R,1,8,1,0.3,348,-1,0
R,1,8,1,0.3,348,-1,1
R,1,8,1,0.3,348,-0.5,0
R,1,8,1,0.3,348,-0.5,1
R,1,8,1,0.3,348,0.5,0
R,1,8,1,0.3,348,0.5,1
R,1,8,1,0.3,348,1,0
R,1,8,1,0.3,348,1,1
R,1,8,1,0.3,348,2,0
R,1,8,1,0.3,348,2,1
R,1,8,1,0.3,348,3,0
R,1,8,1,0.3,348,3,1
R,1,8,1,0.4,358,-3,0
R,1,8,1,0.4,358,-3,1
R,1,8,1,0.4,358,-2,0
R,1,8,1,0.4,358,-2,1
R,1,8,1,0.4,331,-1,0
R,1,8,1,0.4,358,-1,1
R,1,8,1,0.4,331,-0.5,0
R,1,8,1,0.4,358,-0.5,1
R,1,8,1,0.4,333,0.5,0
R,1,8,1,0.4,334,0.5,1
R,1,8,1,0.4,358,1,0
R,1,8,1,0.4,358,1,1
R,1,8,1,0.4,358,2,0
R,1,8,1,0.4,334,2,1
R,1,8,1,0.4,358,3,0
R,1,8,1,0.4,358,3,1
R,1,8,1,0.5,348,-3,0
R,1,8,1,0.5,351,-3,1
R,1,8,1,0.5,340,-2,0
R,1,8,1,0.5,351,-2,1
R,1,8,1,0.5,340,-1,0
R,1,8,1,0.5,348,-1,1
R,1,8,1,0.5,340,-0.5,0
R,1,8,1,0.5,351,-0.5,1
R,1,8,1,0.5,340,0.5,0
R,1,8,1,0.5,351,0.5,1
R,1,8,1,0.5,348,1,0
R,1,8,1,0.5,351,1,1
R,1,8,1,0.5,351,2,0
R,1,8,1,0.5,351,2,1
R,1,8,1,0.5,348,3,0
R,1,8,1,0.5,351,3,1
R,1,8,1,0.6,300,-3,0
R,1,8,1,0.6,300,-3,1
R,1,8,1,0.6,300,-2,0
R,1,8,1,0.6,300,-2,1
R,1,8,1,0.6,300,-1,0
R,1,8,1,0.6,300,-1,1
R,1,8,1,0.6,300,-0.5,0
R,1,8,1,0.6,300,-0.5,1
R,1,8,1,0.6,300,0.5,0
R,1,8,1,0.6,300,0.5,1
R,1,8,1,0.6,300,1,0
R,1,8,1,0.6,300,1,1
R,1,8,1,0.6,300,2,0
R,1,8,1,0.6,300,2,1
R,1,8,1,0.6,300,3,0
R,1,8,1,0.6,300,3,1
R,1,8,1,0.7,344,-3,0
R,1,8,1,0.7,347,-3,1
R,1,8,1,0.7,347,-2,0
R,1,8,1,0.7,347,-2,1
R,1,8,1,0.7,344,-1,0
R,1,8,1,0.7,326,-1,1
R,1,8,1,0.7,344,-0.5,0
R,1,8,1,0.7,347,-0.5,1
R,1,8,1,0.7,347,0.5,0
R,1,8,1,0.7,326,0.5,1
R,1,8,1,0.7,347,1,0
R,1,8,1,0.7,347,1,1
R,1,8,1,0.7,347,2,0
R,1,8,1,0.7,326,2,1
R,1,8,1,0.7,347,3,0
R,1,8,1,0.7,347,3,1
R,1,8,1,0.8,337,-3,0
R,1,8,1,0.8,337,-3,1
R,1,8,1,0.8,337,-2,0
R,1,8,1,0.8,328,-2,1
R,1,8,1,0.8,319,-1,0
R,1,8,1,0.8,337,-1,1
R,1,8,1,0.8,319,-0.5,0
R,1,8,1,0.8,337,-0.5,1
R,1,8,1,0.8,337,0.5,0
R,1,8,1,0.8,337,0.5,1
R,1,8,1,0.8,322,1,0
R,1,8,1,0.8,319,1,1
R,1,8,1,0.8,328,2,0
R,1,8,1,0.8,328,2,1
R,1,8,1,0.8,337,3,0
R,1,8,1,0.8,337,3,1
R,1,8,1,0.9,297,-3,0
R,1,8,1,0.9,298,-3,1
R,1,8,1,0.9,297,-2,0
R,1,8,1,0.9,298,-2,1
R,1,8,1,0.9,297,-1,0
R,1,8,1,0.9,298,-1,1
R,1,8,1,0.9,297,-0.5,0
R,1,8,1,0.9,298,-0.5,1
R,1,8,1,0.9,298,0.5,0
R,1,8,1,0.9,298,0.5,1
R,1,8,1,0.9,298,1,0
R,1,8,1,0.9,298,1,1
R,1,8,1,0.9,298,2,0
R,1,8,1,0.9,298,2,1
R,1,8,1,0.9,298,3,0
R,1,8,1,0.9,298,3,1
R,15,4,1,0.9,2297,-3,0
R,15,4,1,0.9,3074,-3,1
R,15,4,1,0.9,2270,-2,0
R,15,4,1,0.9,2954,-2,1
R,15,4,1,0.9,2255,-1,0
R,15,4,1,0.9,3076,-1,1
R,15,4,1,0.9,2244,-0.5,0
R,15,4,1,0.9,3092,-0.5,1
R,15,4,1,0.9,2291,0.5,0
R,15,4,1,0.9,3090,0.5,1
R,15,4,1,0.9,2305,1,0
R,15,4,1,0.9,2994,1,1
R,15,4,1,0.9,2287,2,0
R,15,4,1,0.9,2995,2,1
R,15,4,1,0.9,2338,3,0
R,15,4,1,0.9,3056,3,1
