instance;weight;time;steps
BPPC_8_0_3.txt_0.9.bz2;2163;0.000877857;163
BPPC_8_0_1.txt_0.1.bz2;3110;0.00231194;212
BPPC_1_0_8.txt_0.1.bz2;590;0.000193834;50
BPPC_4_0_4.txt_0.4.bz2;590;4.31877;1714425
BPPC_5_0_7.txt_0.1.bz2;3110;0.000184059;45
BPPC_6_0_7.txt_0.9.bz2;1475;0.000259876;15
BPPC_1_0_4.txt_0.5.bz2;530;0.00137401;2310
BPPC_5_0_5.txt_0.1.bz2;3110;0.000269175;33
BPPC_6_0_5.txt_0.5.bz2;3088;0.00135589;1569
BPPC_8_0_9.txt_0.8.bz2;2667;0.00538206;724
BPPC_2_0_8.txt_0.2.bz2;610;0.0067482;3126
BPPC_6_0_8.txt_0.9.bz2;1407;0.000138044;31
BPPC_3_0_4.txt_0.4.bz2;580;0.295591;215920
BPPC_8_0_5.txt_0.7.bz2;3080;0.0223711;8540
BPPC_5_0_8.txt_0.9.bz2;1267;0.000226021;19
BPPC_5_0_5.txt_0.7.bz2;2078;0.000112057;32
BPPC_7_0_8.txt_0.8.bz2;2382;0.000650883;178
BPPC_5_0_1.txt_0.8.bz2;1760;0.000501871;22
BPPC_5_0_7.txt_0.3.bz2;3100;0.000749111;1696
BPPC_6_0_7.txt_0.6.bz2;2968;0.000504017;227
BPPC_8_0_3.txt_0.7.bz2;3065;0.0221529;8567
BPPC_4_0_9.txt_0.2.bz2;650;0.148771;22858
BPPC_7_0_10.txt_0.1.bz2;3110;0.000468016;83
BPPC_5_0_9.txt_0.3.bz2;3100;0.000813007;1223
BPPC_5_0_3.txt_0.8.bz2;1656;0.000646114;33
BPPC_6_0_8.txt_0.5.bz2;3082;0.00137806;1881
BPPC_1_0_7.txt_0.9.bz2;347;0.000140905;16
BPPC_3_0_9.txt_0.5.bz2;560;0.27272;265940
BPPC_7_0_2.txt_0.9.bz2;1808;0.00041604;41
BPPC_7_0_4.txt_0.8.bz2;2434;0.000567913;187
BPPC_4_0_5.txt_0.5.bz2;578;3.33183;1595898
BPPC_6_0_1.txt_0.1.bz2;3110;0.000221014;43
BPPC_5_0_9.txt_0.8.bz2;1811;8.89301e-05;23
BPPC_3_0_8.txt_0.9.bz2;443;0.00167203;199
BPPC_5_0_3.txt_0.9.bz2;1314;7.39098e-05;10
BPPC_6_0_4.txt_0.3.bz2;3110;0.00276208;5282
BPPC_8_0_10.txt_0.6.bz2;3094;0.194553;163123
BPPC_6_0_6.txt_0.9.bz2;1642;0.00027895;17
BPPC_5_0_7.txt_0.6.bz2;2495;0.000504017;67
BPPC_4_0_9.txt_0.4.bz2;600;6.54985;2556717
BPPC_4_0_1.txt_0.6.bz2;560;1.13942;751584
BPPC_8_0_5.txt_0.9.bz2;2163;0.000861883;153
BPPC_2_0_10.txt_0.8.bz2;490;0.00264502;272
BPPC_4_0_7.txt_0.8.bz2;520;0.049289;18400
BPPC_3_0_5.txt_0.7.bz2;530;0.019841;12197
BPPC_7_0_8.txt_0.2.bz2;3110;0.000355005;158
BPPC_4_0_3.txt_0.7.bz2;538;0.314683;195453
BPPC_3_0_10.txt_0.9.bz2;456;0.00135303;202
BPPC_3_0_5.txt_0.9.bz2;455;0.00185895;216
BPPC_2_0_1.txt_0.3.bz2;587;0.0130539;10772
BPPC_6_0_2.txt_0.8.bz2;2048;0.00103307;56
BPPC_7_0_5.txt_0.2.bz2;3110;0.000666142;48
BPPC_8_0_9.txt_0.4.bz2;3110;0.00043416;18
BPPC_1_0_9.txt_0.7.bz2;502;0.00100112;110
BPPC_8_0_3.txt_0.6.bz2;3098;0.140425;111597
BPPC_3_0_4.txt_0.7.bz2;530;0.019141;12449
BPPC_7_0_2.txt_0.1.bz2;3110;0.00158405;74
BPPC_1_0_1.txt_0.3.bz2;570;0.00148988;2281
BPPC_8_0_3.txt_0.1.bz2;3110;0.000920057;120
BPPC_6_0_8.txt_0.1.bz2;3110;0.000444889;73
BPPC_3_0_7.txt_0.7.bz2;537;0.0141191;7405
BPPC_8_0_4.txt_0.3.bz2;3110;0.000495911;32
BPPC_1_0_10.txt_0.4.bz2;555;0.00202394;3421
BPPC_3_0_1.txt_0.8.bz2;510;0.00841308;981
BPPC_7_0_7.txt_0.5.bz2;3100;0.0204291;27786
BPPC_2_0_2.txt_0.1.bz2;620;0.0017271;781
BPPC_7_0_6.txt_0.9.bz2;1703;0.000461102;51
BPPC_2_0_6.txt_0.7.bz2;515;0.00188017;1295
BPPC_4_0_2.txt_0.2.bz2;640;2.40328;449287
BPPC_4_0_7.txt_0.1.bz2;660;0.124192;18137
BPPC_2_0_4.txt_0.2.bz2;610;0.0102091;3350
BPPC_8_0_3.txt_0.4.bz2;3110;0.00130081;1519
BPPC_5_0_5.txt_0.9.bz2;1298;0.000193834;11
BPPC_6_0_10.txt_0.6.bz2;3072;0.000476122;177
BPPC_7_0_1.txt_0.4.bz2;3110;0.000731945;481
BPPC_1_0_7.txt_0.5.bz2;538;0.00103688;2009
BPPC_8_0_8.txt_0.8.bz2;2716;0.00504184;867
BPPC_1_0_4.txt_0.8.bz2;496;0.000175953;60
BPPC_5_0_4.txt_0.4.bz2;3072;0.000295877;475
BPPC_7_0_5.txt_0.8.bz2;2326;0.00144601;164
BPPC_1_0_4.txt_0.4.bz2;550;0.00158;2154
BPPC_6_0_3.txt_0.2.bz2;3110;0.000165939;33
BPPC_2_0_4.txt_0.3.bz2;590;0.010226;5583
BPPC_8_0_7.txt_0.2.bz2;3110;0.00315094;63
BPPC_5_0_4.txt_0.9.bz2;1215;7.60555e-05;12
BPPC_4_0_3.txt_0.2.bz2;640;0.304404;46094
BPPC_1_0_2.txt_0.2.bz2;580;0.000972986;703
BPPC_3_0_4.txt_0.9.bz2;453;0.00102496;211
BPPC_7_0_4.txt_0.6.bz2;3078;0.00845218;5073
BPPC_7_0_6.txt_0.7.bz2;3047;0.00224996;448
BPPC_8_0_7.txt_0.4.bz2;3110;0.000538826;219
BPPC_2_0_8.txt_0.9.bz2;411;0.000288963;34
BPPC_5_0_4.txt_0.2.bz2;3110;0.00191498;3022
BPPC_1_0_8.txt_0.8.bz2;431;0.00120091;67
BPPC_2_0_3.txt_0.3.bz2;590;0.0119421;10094
BPPC_1_0_7.txt_0.1.bz2;590;0.00163102;1575
BPPC_3_0_3.txt_0.9.bz2;433;0.00149918;182
BPPC_4_0_1.txt_0.3.bz2;620;4.13798;1196577
BPPC_6_0_9.txt_0.9.bz2;1569;0.000149012;19
BPPC_8_0_6.txt_0.4.bz2;3110;0.000776052;144
BPPC_7_0_5.txt_0.4.bz2;3110;0.00546694;9283
BPPC_1_0_3.txt_0.9.bz2;337;0.000319958;33
BPPC_5_0_3.txt_0.4.bz2;3088;0.000424862;428
BPPC_7_0_1.txt_0.7.bz2;3038;0.00176501;511
BPPC_5_0_7.txt_0.9.bz2;1249;0.000216961;13
BPPC_1_0_5.txt_0.8.bz2;418;0.00129795;60
BPPC_1_0_6.txt_0.2.bz2;590;0.00177097;1633
BPPC_7_0_10.txt_0.6.bz2;3080;0.00857306;5074
BPPC_5_0_1.txt_0.9.bz2;1267;0.000525951;10
BPPC_5_0_7.txt_0.8.bz2;1550;0.000390053;13
BPPC_6_0_9.txt_0.6.bz2;3034;0.000769138;191
BPPC_5_0_10.txt_0.6.bz2;2221;0.000128031;76
BPPC_3_0_2.txt_0.5.bz2;564;0.117368;94238
BPPC_1_0_5.txt_0.3.bz2;560;0.00297904;3760
BPPC_3_0_2.txt_0.9.bz2;437;0.000849962;225
BPPC_2_0_3.txt_0.7.bz2;520;0.00144291;1010
BPPC_6_0_1.txt_0.5.bz2;3084;0.00115204;1501
BPPC_7_0_2.txt_0.2.bz2;3110;0.000565052;56
BPPC_5_0_1.txt_0.2.bz2;3110;0.00342202;2032
BPPC_6_0_1.txt_0.2.bz2;3110;0.00115895;54
BPPC_6_0_5.txt_0.6.bz2;3002;0.000380039;262
BPPC_4_0_6.txt_0.7.bz2;540;0.296222;178838
BPPC_1_0_1.txt_0.1.bz2;600;0.00207186;58
BPPC_3_0_7.txt_0.5.bz2;560;0.0776889;68468
BPPC_7_0_5.txt_0.5.bz2;3110;0.0253329;28369
BPPC_7_0_9.txt_0.2.bz2;3110;0.000282049;46
BPPC_2_0_1.txt_0.4.bz2;570;0.0211022;27572
BPPC_8_0_3.txt_0.5.bz2;3110;0.0393419;35130
BPPC_8_0_2.txt_0.5.bz2;3110;0.03302;38096
BPPC_6_0_2.txt_0.5.bz2;3090;0.00159502;1290
BPPC_1_0_6.txt_0.7.bz2;500;0.000241995;121
BPPC_8_0_7.txt_0.7.bz2;3076;0.0225661;8629
BPPC_6_0_4.txt_0.7.bz2;2318;0.00105214;113
BPPC_4_0_4.txt_0.8.bz2;520;0.054121;19293
BPPC_5_0_2.txt_0.6.bz2;2432;0.000257015;78
BPPC_2_0_9.txt_0.5.bz2;547;0.00689697;7543
BPPC_5_0_3.txt_0.6.bz2;2428;0.00018096;55
BPPC_3_0_6.txt_0.8.bz2;516;0.00486994;1192
BPPC_3_0_7.txt_0.8.bz2;515;0.00501609;932
BPPC_3_0_5.txt_0.3.bz2;600;0.202078;109662
BPPC_8_0_1.txt_0.4.bz2;3110;0.00149918;76
BPPC_5_0_8.txt_0.1.bz2;3110;0.000433922;40
BPPC_8_0_10.txt_0.8.bz2;2567;0.00582504;713
BPPC_8_0_5.txt_0.4.bz2;3110;0.000692129;468
BPPC_2_0_1.txt_0.2.bz2;600;0.010884;6172
BPPC_3_0_1.txt_0.2.bz2;630;0.080426;33907
BPPC_8_0_5.txt_0.6.bz2;3098;0.152467;124145
BPPC_4_0_1.txt_0.8.bz2;520;0.0474038;19567
BPPC_1_0_4.txt_0.3.bz2;570;0.00261617;2578
BPPC_6_0_7.txt_0.8.bz2;1914;0.000340939;73
BPPC_2_0_8.txt_0.3.bz2;589;0.0234239;19401
BPPC_8_0_9.txt_0.3.bz2;3110;0.000500917;34
BPPC_5_0_7.txt_0.5.bz2;2839;0.000172138;84
BPPC_6_0_10.txt_0.7.bz2;2341;0.00060606;100
BPPC_1_0_2.txt_0.8.bz2;448;0.000627041;52
BPPC_5_0_5.txt_0.6.bz2;2649;0.000380039;68
BPPC_5_0_3.txt_0.1.bz2;3110;0.000194073;23
BPPC_3_0_7.txt_0.9.bz2;462;0.00102186;190
BPPC_1_0_1.txt_0.8.bz2;423;0.00030303;31
BPPC_2_0_10.txt_0.4.bz2;570;0.025435;25638
BPPC_7_0_2.txt_0.8.bz2;2286;0.00333714;188
BPPC_8_0_6.txt_0.9.bz2;2153;0.000889063;235
BPPC_1_0_9.txt_0.9.bz2;340;0.000146151;33
BPPC_4_0_1.txt_0.2.bz2;640;1.69167;351155
BPPC_8_0_2.txt_0.9.bz2;2031;0.00099206;208
BPPC_1_0_4.txt_0.1.bz2;600;0.000577927;366
BPPC_6_0_4.txt_0.4.bz2;3107;0.00135612;2346
BPPC_2_0_2.txt_0.7.bz2;520;0.004462;921
BPPC_1_0_2.txt_0.3.bz2;560;0.00221086;3432
BPPC_8_0_8.txt_0.5.bz2;3110;0.0806479;99655
BPPC_7_0_3.txt_0.3.bz2;3110;0.000367165;13
BPPC_7_0_5.txt_0.9.bz2;1805;0.000272036;48
BPPC_4_0_9.txt_0.6.bz2;558;1.38489;795298
BPPC_3_0_9.txt_0.6.bz2;540;0.112352;118394
BPPC_6_0_9.txt_0.2.bz2;3110;0.000540018;43
BPPC_1_0_3.txt_0.3.bz2;570;0.00275898;2580
BPPC_5_0_5.txt_0.2.bz2;3110;0.000241995;60
BPPC_2_0_2.txt_0.5.bz2;550;0.0137041;17420
BPPC_5_0_6.txt_0.2.bz2;3110;0.000669956;1666
BPPC_8_0_5.txt_0.8.bz2;2602;0.00592494;769
BPPC_7_0_6.txt_0.2.bz2;3110;0.00322199;42
BPPC_4_0_6.txt_0.9.bz2;494;0.00962281;754
BPPC_1_0_9.txt_0.6.bz2;522;0.00134611;453
BPPC_7_0_6.txt_0.8.bz2;2395;0.000528812;207
BPPC_5_0_8.txt_0.4.bz2;3087;0.000354052;424
BPPC_8_0_10.txt_0.2.bz2;3110;0.000731945;63
BPPC_6_0_9.txt_0.5.bz2;3090;0.000970125;1095
BPPC_3_0_6.txt_0.4.bz2;580;0.216957;171168
BPPC_1_0_10.txt_0.1.bz2;610;0.00359702;1410
BPPC_4_0_5.txt_0.3.bz2;620;2.40661;627134
BPPC_5_0_6.txt_0.3.bz2;3100;0.000859976;1819
BPPC_4_0_3.txt_0.1.bz2;650;0.0406871;9405
BPPC_5_0_5.txt_0.5.bz2;2815;0.000253201;107
BPPC_8_0_4.txt_0.9.bz2;1917;0.00102901;251
BPPC_3_0_8.txt_0.2.bz2;630;0.12033;45731
BPPC_2_0_5.txt_0.6.bz2;537;0.00536394;4929
BPPC_2_0_8.txt_0.7.bz2;520;0.00124717;984
BPPC_2_0_7.txt_0.2.bz2;610;0.00578094;2790
BPPC_3_0_8.txt_0.6.bz2;540;0.0918159;98871
BPPC_1_0_2.txt_0.5.bz2;534;0.00132203;2121
BPPC_1_0_5.txt_0.5.bz2;530;0.00126004;2084
BPPC_4_0_1.txt_0.7.bz2;537;0.376854;229229
BPPC_3_0_4.txt_0.1.bz2;650;0.0134861;3414
BPPC_4_0_5.txt_0.2.bz2;640;0.716952;119484
BPPC_1_0_6.txt_0.9.bz2;308;0.000295877;28
BPPC_1_0_4.txt_0.2.bz2;590;0.00103712;1218
BPPC_4_0_8.txt_0.9.bz2;482;0.00523877;773
BPPC_4_0_7.txt_0.7.bz2;540;0.299462;180162
BPPC_4_0_3.txt_0.6.bz2;550;1.58644;1170684
BPPC_8_0_1.txt_0.6.bz2;3094;0.207092;166852
BPPC_5_0_9.txt_0.7.bz2;2157;0.00300598;31
BPPC_3_0_9.txt_0.1.bz2;640;0.0210121;6353
BPPC_8_0_5.txt_0.2.bz2;3110;0.000762939;65
BPPC_7_0_2.txt_0.4.bz2;3110;0.00166702;2527
BPPC_1_0_5.txt_0.2.bz2;580;0.000787973;730
BPPC_6_0_8.txt_0.4.bz2;3100;0.00411391;7067
BPPC_3_0_8.txt_0.8.bz2;519;0.00542712;787
BPPC_8_0_2.txt_0.1.bz2;3110;0.00124884;124
BPPC_7_0_2.txt_0.5.bz2;3100;0.0270751;39509
BPPC_6_0_4.txt_0.6.bz2;2804;0.000515938;198
BPPC_2_0_1.txt_0.1.bz2;620;0.00440216;938
BPPC_5_0_5.txt_0.3.bz2;3100;0.000679016;1269
BPPC_3_0_4.txt_0.5.bz2;560;0.191035;184056
BPPC_2_0_7.txt_0.3.bz2;580;0.0311038;28443
BPPC_3_0_9.txt_0.7.bz2;530;0.02333;14111
BPPC_8_0_4.txt_0.6.bz2;3100;0.164304;140917
BPPC_4_0_4.txt_0.5.bz2;578;1.59421;709405
BPPC_1_0_6.txt_0.5.bz2;530;0.00211906;2327
BPPC_4_0_9.txt_0.5.bz2;579;3.37839;1402435
BPPC_3_0_2.txt_0.3.bz2;610;0.0871618;44938
BPPC_1_0_3.txt_0.8.bz2;412;0.000578165;75
BPPC_4_0_1.txt_0.9.bz2;494;0.00889611;802
BPPC_8_0_6.txt_0.7.bz2;3080;0.022001;8481
BPPC_3_0_5.txt_0.8.bz2;509;0.00642896;1146
BPPC_5_0_3.txt_0.5.bz2;2995;0.00033617;63
BPPC_6_0_5.txt_0.7.bz2;2640;0.000215054;80
BPPC_8_0_7.txt_0.8.bz2;2545;0.00486708;716
BPPC_1_0_5.txt_0.6.bz2;520;0.000926018;539
BPPC_8_0_10.txt_0.7.bz2;3069;0.0233369;9119
BPPC_8_0_5.txt_0.3.bz2;3110;0.000574827;77
BPPC_3_0_3.txt_0.1.bz2;640;0.035764;12370
BPPC_2_0_2.txt_0.2.bz2;609;0.010534;6484
BPPC_1_0_10.txt_0.9.bz2;370;0.00013113;22
BPPC_4_0_2.txt_0.7.bz2;540;0.249811;159019
BPPC_3_0_6.txt_0.2.bz2;620;0.23139;88371
BPPC_7_0_7.txt_0.1.bz2;3110;0.000613928;86
BPPC_2_0_4.txt_0.8.bz2;495;0.000546932;210
BPPC_8_0_7.txt_0.9.bz2;2070;0.000912189;233
BPPC_2_0_9.txt_0.4.bz2;560;0.00934315;10999
BPPC_6_0_8.txt_0.8.bz2;2055;0.000346899;65
BPPC_5_0_10.txt_0.1.bz2;3110;0.000154018;28
BPPC_3_0_8.txt_0.1.bz2;640;0.0674679;20653
BPPC_4_0_7.txt_0.6.bz2;560;1.2341;748523
BPPC_5_0_1.txt_0.5.bz2;2828;0.000596046;85
BPPC_2_0_4.txt_0.9.bz2;424;0.00169706;60
BPPC_7_0_7.txt_0.2.bz2;3110;0.000761986;43
BPPC_5_0_1.txt_0.1.bz2;3110;0.000264883;52
BPPC_3_0_10.txt_0.8.bz2;510;0.00540805;1010
BPPC_6_0_5.txt_0.1.bz2;3110;0.000183105;30
BPPC_3_0_5.txt_0.5.bz2;560;0.143949;137978
BPPC_7_0_9.txt_0.7.bz2;3007;0.00179696;676
BPPC_1_0_3.txt_0.7.bz2;501;0.000988007;131
BPPC_8_0_6.txt_0.6.bz2;3100;0.107955;89007
BPPC_7_0_10.txt_0.4.bz2;3110;0.010834;18464
BPPC_1_0_6.txt_0.4.bz2;550;0.00419497;3399
BPPC_3_0_5.txt_0.1.bz2;640;0.014581;3386
BPPC_3_0_1.txt_0.6.bz2;547;0.0840001;73217
BPPC_6_0_4.txt_0.2.bz2;3110;0.000307083;69
BPPC_8_0_3.txt_0.8.bz2;2495;0.00511289;863
BPPC_4_0_10.txt_0.6.bz2;558;2.12342;1476945
BPPC_4_0_7.txt_0.3.bz2;626;9.20518;2326148
BPPC_8_0_10.txt_0.5.bz2;3110;0.184615;206999
BPPC_2_0_10.txt_0.6.bz2;537;0.0072329;5110
BPPC_5_0_10.txt_0.8.bz2;1507;0.000472069;14
BPPC_6_0_3.txt_0.3.bz2;3110;0.000343084;645
BPPC_6_0_7.txt_0.4.bz2;3100;0.00333691;4925
BPPC_3_0_3.txt_0.4.bz2;580;0.188922;135319
BPPC_6_0_6.txt_0.5.bz2;3089;0.00213408;1508
BPPC_5_0_4.txt_0.8.bz2;1672;0.000137806;18
BPPC_1_0_9.txt_0.2.bz2;580;0.000645876;554
BPPC_2_0_10.txt_0.2.bz2;610;0.00892496;4980
BPPC_2_0_9.txt_0.3.bz2;579;0.015142;14003
BPPC_7_0_8.txt_0.6.bz2;3090;0.00686598;4129
BPPC_4_0_4.txt_0.1.bz2;650;0.0784042;8031
BPPC_6_0_1.txt_0.4.bz2;3100;0.00275588;5219
BPPC_8_0_2.txt_0.3.bz2;3110;0.000550985;26
BPPC_2_0_10.txt_0.1.bz2;630;0.00207496;789
BPPC_3_0_8.txt_0.3.bz2;610;0.212717;105960
BPPC_8_0_8.txt_0.2.bz2;3110;0.00115108;70
BPPC_1_0_7.txt_0.7.bz2;500;0.000257015;121
BPPC_8_0_1.txt_0.8.bz2;2664;0.00569797;650
BPPC_8_0_4.txt_0.4.bz2;3110;0.000516176;138
BPPC_1_0_6.txt_0.3.bz2;570;0.00229716;3461
BPPC_8_0_8.txt_0.6.bz2;3099;0.127747;102630
BPPC_8_0_1.txt_0.7.bz2;3066;0.0228059;9074
BPPC_7_0_4.txt_0.9.bz2;1899;0.000332117;51
BPPC_8_0_8.txt_0.7.bz2;3079;0.0223501;8461
BPPC_8_0_5.txt_0.5.bz2;3110;0.0933409;123682
BPPC_2_0_3.txt_0.6.bz2;533;0.00595284;6389
BPPC_5_0_9.txt_0.4.bz2;3089;0.000355959;468
BPPC_6_0_6.txt_0.4.bz2;3100;0.00409293;7599
BPPC_3_0_7.txt_0.6.bz2;545;0.0539579;45120
BPPC_6_0_4.txt_0.5.bz2;3082;0.0016129;1505
BPPC_5_0_8.txt_0.7.bz2;1968;0.000207901;26
BPPC_5_0_2.txt_0.1.bz2;3110;0.000226021;28
BPPC_1_0_9.txt_0.5.bz2;539;0.000741005;820
BPPC_2_0_9.txt_0.7.bz2;519;0.00155997;1261
BPPC_5_0_6.txt_0.1.bz2;3110;0.000241995;32
BPPC_5_0_9.txt_0.1.bz2;3110;0.00041914;39
BPPC_4_0_8.txt_0.1.bz2;660;0.00800014;1914
BPPC_8_0_4.txt_0.8.bz2;2538;0.0064919;725
BPPC_6_0_7.txt_0.2.bz2;3110;0.000256062;32
BPPC_3_0_9.txt_0.8.bz2;510;0.00592995;971
BPPC_4_0_10.txt_0.1.bz2;660;0.00388002;604
BPPC_4_0_10.txt_0.3.bz2;620;5.36312;1463044
BPPC_7_0_3.txt_0.4.bz2;3110;0.00474906;6656
BPPC_3_0_4.txt_0.6.bz2;542;0.0868599;86419
BPPC_2_0_9.txt_0.1.bz2;610;0.000624895;150
BPPC_3_0_8.txt_0.4.bz2;580;0.242274;162769
BPPC_5_0_4.txt_0.1.bz2;3110;0.000252008;36
BPPC_7_0_1.txt_0.1.bz2;3110;0.00218105;80
BPPC_4_0_6.txt_0.5.bz2;577;4.11515;2090207
BPPC_8_0_8.txt_0.1.bz2;3110;0.00208998;156
BPPC_6_0_4.txt_0.9.bz2;1540;0.000262976;17
BPPC_4_0_8.txt_0.8.bz2;520;0.0511298;19159
BPPC_4_0_1.txt_0.4.bz2;600;3.05252;1097915
BPPC_2_0_8.txt_0.4.bz2;560;0.023596;26145
BPPC_5_0_8.txt_0.3.bz2;3099;0.000883102;1671
BPPC_5_0_2.txt_0.2.bz2;3109;0.00084281;811
BPPC_7_0_9.txt_0.4.bz2;3110;0.00679207;9058
BPPC_3_0_9.txt_0.9.bz2;445;0.00114989;233
BPPC_5_0_6.txt_0.6.bz2;2336;0.000259876;60
BPPC_6_0_10.txt_0.2.bz2;3110;0.000378132;24
BPPC_6_0_1.txt_0.9.bz2;1488;0.000118971;21
BPPC_8_0_8.txt_0.3.bz2;3110;0.000682116;58
BPPC_5_0_8.txt_0.6.bz2;2620;8.2016e-05;24
BPPC_6_0_1.txt_0.7.bz2;2469;0.00041604;116
BPPC_2_0_2.txt_0.9.bz2;398;0.000313997;53
BPPC_4_0_8.txt_0.3.bz2;620;2.67051;687740
BPPC_5_0_10.txt_0.3.bz2;3099;0.000782013;1831
BPPC_6_0_6.txt_0.6.bz2;2863;0.000388861;234
BPPC_2_0_5.txt_0.9.bz2;388;0.000709057;65
BPPC_6_0_8.txt_0.7.bz2;2491;0.000262022;118
BPPC_4_0_2.txt_0.1.bz2;660;0.00292397;297
BPPC_6_0_2.txt_0.7.bz2;2202;0.000261784;138
BPPC_4_0_10.txt_0.8.bz2;520;0.0500691;19442
BPPC_1_0_8.txt_0.4.bz2;550;0.00132799;1744
BPPC_6_0_5.txt_0.8.bz2;2013;0.000178099;42
BPPC_3_0_6.txt_0.9.bz2;481;0.00193596;214
BPPC_8_0_3.txt_0.3.bz2;3110;0.000854969;51
BPPC_7_0_7.txt_0.7.bz2;2862;0.00253987;609
BPPC_6_0_7.txt_0.5.bz2;3085;0.00118518;1460
BPPC_7_0_1.txt_0.5.bz2;3100;0.0256011;34444
BPPC_3_0_6.txt_0.3.bz2;600;0.18368;95193
BPPC_1_0_8.txt_0.6.bz2;516;0.000504971;531
BPPC_3_0_7.txt_0.2.bz2;620;0.0299649;13097
BPPC_3_0_2.txt_0.2.bz2;629;0.0498741;13917
BPPC_2_0_3.txt_0.4.bz2;560;0.033334;39372
BPPC_5_0_3.txt_0.3.bz2;3100;0.000897884;3035
BPPC_3_0_4.txt_0.2.bz2;620;0.260417;97596
BPPC_8_0_7.txt_0.5.bz2;3110;0.032011;38863
BPPC_8_0_1.txt_0.9.bz2;2064;0.000890017;186
BPPC_6_0_6.txt_0.7.bz2;2267;0.000422001;101
BPPC_4_0_4.txt_0.3.bz2;620;3.09255;986372
BPPC_2_0_4.txt_0.6.bz2;539;0.00646782;6208
BPPC_7_0_1.txt_0.2.bz2;3110;0.000421047;56
BPPC_6_0_2.txt_0.2.bz2;3110;0.000280857;22
BPPC_1_0_2.txt_0.1.bz2;600;0.000276089;101
BPPC_3_0_10.txt_0.3.bz2;600;0.276302;151145
BPPC_1_0_6.txt_0.1.bz2;600;0.000819921;520
BPPC_8_0_9.txt_0.2.bz2;3110;0.000782967;54
BPPC_4_0_1.txt_0.1.bz2;660;0.000892162;69
BPPC_7_0_2.txt_0.7.bz2;2994;0.00219703;373
BPPC_8_0_2.txt_0.7.bz2;3067;0.0226531;8841
BPPC_4_0_9.txt_0.9.bz2;490;0.00753021;728
BPPC_5_0_8.txt_0.5.bz2;2737;0.000154972;109
BPPC_4_0_8.txt_0.4.bz2;600;3.7315;1504800
BPPC_6_0_7.txt_0.3.bz2;3110;0.00217295;2710
BPPC_6_0_9.txt_0.3.bz2;3110;0.000785828;1430
BPPC_2_0_8.txt_0.8.bz2;510;0.000530958;203
BPPC_7_0_9.txt_0.5.bz2;3100;0.027024;28117
BPPC_5_0_6.txt_0.4.bz2;3086;0.000257015;345
BPPC_7_0_9.txt_0.9.bz2;1740;0.00067091;60
BPPC_6_0_9.txt_0.7.bz2;2334;0.000228882;85
BPPC_3_0_6.txt_0.7.bz2;530;0.0198259;12544
BPPC_2_0_1.txt_0.8.bz2;479;0.000749111;193
BPPC_6_0_10.txt_0.5.bz2;3088;0.00153112;1449
BPPC_7_0_10.txt_0.5.bz2;3100;0.0227141;28533
BPPC_8_0_9.txt_0.9.bz2;2060;0.00307822;189
BPPC_4_0_4.txt_0.2.bz2;640;0.187313;24573
BPPC_8_0_6.txt_0.1.bz2;3110;0.00263786;180
BPPC_2_0_7.txt_0.4.bz2;570;0.0109131;11383
BPPC_4_0_10.txt_0.2.bz2;650;0.409633;117062
BPPC_3_0_6.txt_0.5.bz2;566;0.0925789;66373
BPPC_2_0_5.txt_0.8.bz2;480;0.000705957;251
BPPC_7_0_10.txt_0.3.bz2;3110;0.000252962;78
BPPC_5_0_1.txt_0.6.bz2;2257;0.000507832;58
BPPC_2_0_3.txt_0.5.bz2;550;0.011677;15636
BPPC_1_0_10.txt_0.8.bz2;430;0.000182152;77
BPPC_5_0_3.txt_0.7.bz2;1971;0.000512123;55
BPPC_4_0_9.txt_0.7.bz2;540;0.335206;209833
BPPC_1_0_4.txt_0.9.bz2;334;0.000155926;26
BPPC_6_0_10.txt_0.8.bz2;2136;0.000487089;62
BPPC_4_0_9.txt_0.8.bz2;519;0.0503561;20296
BPPC_6_0_3.txt_0.7.bz2;2444;0.000844955;76
BPPC_3_0_9.txt_0.2.bz2;630;0.0617831;28394
BPPC_7_0_7.txt_0.8.bz2;2267;0.000680208;219
BPPC_2_0_8.txt_0.5.bz2;550;0.0107021;11486
BPPC_4_0_6.txt_0.8.bz2;520;0.0483019;18599
BPPC_3_0_1.txt_0.7.bz2;530;0.022752;13939
BPPC_7_0_10.txt_0.8.bz2;2328;0.000636101;191
BPPC_5_0_2.txt_0.5.bz2;2883;0.00031805;107
BPPC_7_0_3.txt_0.1.bz2;3110;0.000540018;70
BPPC_3_0_3.txt_0.2.bz2;620;0.261426;109471
BPPC_5_0_10.txt_0.2.bz2;3108;0.00048399;788
BPPC_4_0_8.txt_0.5.bz2;570;4.39238;2540409
BPPC_7_0_6.txt_0.4.bz2;3110;0.00221395;4176
BPPC_2_0_10.txt_0.5.bz2;550;0.0162401;19984
BPPC_1_0_7.txt_0.4.bz2;550;0.00234795;2476
BPPC_3_0_1.txt_0.3.bz2;609;0.171641;79517
BPPC_3_0_8.txt_0.7.bz2;530;0.0177281;11420
BPPC_7_0_4.txt_0.2.bz2;3110;0.000459909;98
BPPC_6_0_10.txt_0.1.bz2;3110;0.00235915;97
BPPC_4_0_3.txt_0.3.bz2;620;1.32748;366596
BPPC_3_0_9.txt_0.4.bz2;580;0.522904;411227
BPPC_2_0_9.txt_0.6.bz2;535;0.00569105;4880
BPPC_5_0_2.txt_0.7.bz2;1956;9.70364e-05;25
BPPC_2_0_6.txt_0.9.bz2;403;0.002213;58
BPPC_3_0_1.txt_0.5.bz2;563;0.252112;230825
BPPC_7_0_9.txt_0.3.bz2;3110;0.000248194;28
BPPC_4_0_5.txt_0.4.bz2;600;3.70674;1460140
BPPC_1_0_1.txt_0.6.bz2;520;0.00141001;400
BPPC_7_0_8.txt_0.4.bz2;3110;0.00464296;3997
BPPC_1_0_4.txt_0.7.bz2;504;0.000402927;101
BPPC_3_0_2.txt_0.6.bz2;546;0.0808249;56272
BPPC_4_0_4.txt_0.9.bz2;500;0.00752401;755
BPPC_5_0_1.txt_0.4.bz2;3090;0.000289202;198
BPPC_4_0_8.txt_0.6.bz2;558;1.24232;768891
BPPC_4_0_10.txt_0.7.bz2;540;0.309301;186548
BPPC_5_0_4.txt_0.3.bz2;3100;0.000820875;1402
BPPC_4_0_2.txt_0.5.bz2;574;3.81109;2081690
BPPC_7_0_9.txt_0.8.bz2;2280;0.00101304;183
BPPC_1_0_2.txt_0.7.bz2;495;0.00119185;141
BPPC_5_0_2.txt_0.3.bz2;3100;0.000380039;856
BPPC_1_0_1.txt_0.7.bz2;496;0.00067091;120
BPPC_7_0_10.txt_0.7.bz2;2851;0.00219202;550
BPPC_5_0_6.txt_0.5.bz2;2823;0.000652075;85
BPPC_4_0_5.txt_0.7.bz2;540;0.278521;164057
BPPC_5_0_8.txt_0.8.bz2;1454;0.000154972;30
BPPC_2_0_1.txt_0.9.bz2;410;0.000335932;63
BPPC_4_0_6.txt_0.3.bz2;620;4.43961;1259415
BPPC_4_0_5.txt_0.9.bz2;499;0.00808096;714
BPPC_8_0_2.txt_0.2.bz2;3110;0.000745058;66
BPPC_1_0_8.txt_0.9.bz2;284;0.000326872;30
BPPC_1_0_5.txt_0.9.bz2;334;0.000162125;26
BPPC_1_0_1.txt_0.5.bz2;539;0.000856161;1371
BPPC_5_0_7.txt_0.4.bz2;3082;0.000279188;436
BPPC_1_0_1.txt_0.9.bz2;325;0.000145912;20
BPPC_5_0_5.txt_0.4.bz2;3080;0.000293016;374
BPPC_3_0_10.txt_0.6.bz2;540;0.098958;104226
BPPC_5_0_9.txt_0.9.bz2;1352;0.000228882;9
BPPC_8_0_9.txt_0.5.bz2;3110;0.0878811;109611
BPPC_6_0_9.txt_0.1.bz2;3110;0.000359058;45
BPPC_8_0_8.txt_0.4.bz2;3110;0.000813961;575
BPPC_6_0_5.txt_0.2.bz2;3110;0.000290155;118
BPPC_2_0_6.txt_0.8.bz2;497;0.00101495;230
BPPC_3_0_5.txt_0.6.bz2;542;0.073823;72244
BPPC_1_0_7.txt_0.6.bz2;519;0.001091;487
BPPC_1_0_7.txt_0.8.bz2;404;0.000449896;56
BPPC_2_0_3.txt_0.8.bz2;507;0.00187016;230
BPPC_6_0_4.txt_0.8.bz2;1862;0.000157118;51
BPPC_2_0_8.txt_0.1.bz2;620;0.010762;3204
BPPC_6_0_10.txt_0.9.bz2;1600;0.00027895;19
BPPC_2_0_1.txt_0.5.bz2;550;0.0155959;20089
BPPC_6_0_4.txt_0.1.bz2;3110;0.000367165;41
BPPC_8_0_4.txt_0.1.bz2;3110;0.00107884;136
BPPC_4_0_3.txt_0.4.bz2;599;2.21958;714168
BPPC_2_0_7.txt_0.8.bz2;498;0.000756979;230
BPPC_6_0_2.txt_0.6.bz2;2820;0.000528812;210
BPPC_2_0_5.txt_0.5.bz2;550;0.00949693;11132
BPPC_6_0_3.txt_0.8.bz2;1853;0.000976086;72
BPPC_6_0_3.txt_0.9.bz2;1478;0.000167847;35
BPPC_4_0_9.txt_0.1.bz2;660;0.00186801;237
BPPC_3_0_5.txt_0.4.bz2;580;0.155414;99810
BPPC_8_0_9.txt_0.7.bz2;3066;0.0239;9076
BPPC_6_0_2.txt_0.3.bz2;3110;0.000324965;70
BPPC_2_0_3.txt_0.9.bz2;391;0.00049305;63
BPPC_1_0_4.txt_0.6.bz2;520;0.00048399;481
BPPC_4_0_7.txt_0.4.bz2;600;10.2296;4087991
BPPC_7_0_7.txt_0.6.bz2;3080;0.00728297;4889
BPPC_3_0_10.txt_0.2.bz2;620;0.132882;46576
BPPC_7_0_8.txt_0.7.bz2;3037;0.00111198;424
BPPC_7_0_4.txt_0.5.bz2;3100;0.0194271;30553
BPPC_8_0_8.txt_0.9.bz2;2167;0.000987053;236
BPPC_6_0_10.txt_0.4.bz2;3100;0.00178719;3642
BPPC_1_0_2.txt_0.6.bz2;519;0.000460863;596
BPPC_8_0_6.txt_0.3.bz2;3110;0.000916004;66
BPPC_7_0_10.txt_0.9.bz2;1783;0.000236034;44
BPPC_1_0_2.txt_0.4.bz2;550;0.00141501;2608
BPPC_3_0_6.txt_0.1.bz2;640;0.00162315;393
BPPC_7_0_4.txt_0.3.bz2;3110;0.000365973;102
BPPC_6_0_6.txt_0.8.bz2;2105;0.000276089;43
BPPC_8_0_1.txt_0.5.bz2;3110;0.0944641;115714
BPPC_7_0_8.txt_0.5.bz2;3100;0.024029;30571
BPPC_1_0_10.txt_0.3.bz2;570;0.00484705;8215
BPPC_8_0_2.txt_0.8.bz2;2658;0.00516701;635
BPPC_1_0_7.txt_0.2.bz2;590;0.00107408;889
BPPC_5_0_10.txt_0.9.bz2;1189;0.000175953;12
BPPC_1_0_3.txt_0.6.bz2;518;0.000741959;372
BPPC_8_0_2.txt_0.4.bz2;3110;0.000459909;93
BPPC_2_0_5.txt_0.2.bz2;610;0.00630713;2957
BPPC_8_0_1.txt_0.3.bz2;3110;0.00122285;100
BPPC_4_0_6.txt_0.2.bz2;640;2.28109;425654
BPPC_4_0_7.txt_0.5.bz2;578;6.88353;3757488
BPPC_1_0_7.txt_0.3.bz2;570;0.00113511;1483
BPPC_8_0_9.txt_0.6.bz2;3098;0.146075;123218
BPPC_1_0_8.txt_0.3.bz2;560;0.00124598;1111
BPPC_3_0_6.txt_0.6.bz2;549;0.062429;63422
BPPC_1_0_9.txt_0.4.bz2;550;0.00225592;2021
BPPC_8_0_2.txt_0.6.bz2;3097;0.170061;145645
BPPC_2_0_2.txt_0.6.bz2;537;0.00711823;7129
BPPC_2_0_2.txt_0.4.bz2;570;0.0243561;31142
BPPC_1_0_6.txt_0.8.bz2;449;0.000153065;69
BPPC_8_0_10.txt_0.3.bz2;3110;0.000459909;30
BPPC_2_0_10.txt_0.3.bz2;590;0.021419;18992
BPPC_3_0_10.txt_0.1.bz2;640;0.00905395;1472
BPPC_2_0_7.txt_0.9.bz2;396;0.000319004;58
BPPC_2_0_7.txt_0.5.bz2;550;0.0126841;14451
BPPC_1_0_3.txt_0.2.bz2;600;0.000957012;971
BPPC_5_0_10.txt_0.5.bz2;2824;0.000159979;118
BPPC_4_0_2.txt_0.6.bz2;560;0.812824;492773
BPPC_4_0_2.txt_0.4.bz2;599;3.79492;1301461
BPPC_2_0_6.txt_0.3.bz2;590;0.0156238;14938
BPPC_6_0_1.txt_0.8.bz2;1869;0.000180006;61
BPPC_5_0_4.txt_0.6.bz2;2468;0.00011301;66
BPPC_7_0_3.txt_0.5.bz2;3100;0.0156291;21776
BPPC_4_0_4.txt_0.6.bz2;556;1.20473;859132
BPPC_3_0_2.txt_0.8.bz2;510;0.00361896;960
BPPC_6_0_6.txt_0.1.bz2;3110;0.000240803;53
BPPC_5_0_2.txt_0.4.bz2;3080;0.00028801;410
BPPC_8_0_7.txt_0.1.bz2;3110;0.00101304;145
BPPC_2_0_10.txt_0.9.bz2;422;0.000450134;56
BPPC_3_0_8.txt_0.5.bz2;568;0.134202;122532
BPPC_2_0_7.txt_0.7.bz2;517;0.00351882;1242
BPPC_4_0_5.txt_0.8.bz2;520;0.0498109;19741
BPPC_2_0_10.txt_0.7.bz2;518;0.00165987;1200
BPPC_3_0_5.txt_0.2.bz2;620;0.054795;18989
BPPC_6_0_3.txt_0.6.bz2;3040;0.00051713;209
BPPC_8_0_7.txt_0.3.bz2;3110;0.000579119;155
BPPC_2_0_9.txt_0.9.bz2;396;0.000522137;86
BPPC_6_0_5.txt_0.4.bz2;3100;0.00419807;6758
BPPC_5_0_7.txt_0.2.bz2;3106;0.000781059;937
BPPC_4_0_2.txt_0.3.bz2;620;3.41411;1036979
BPPC_1_0_5.txt_0.1.bz2;610;0.000219822;95
BPPC_4_0_9.txt_0.3.bz2;630;7.55698;2254080
BPPC_6_0_1.txt_0.3.bz2;3110;0.00013113;21
BPPC_2_0_4.txt_0.7.bz2;520;0.00244999;1084
BPPC_1_0_3.txt_0.4.bz2;558;0.00293493;3191
BPPC_3_0_10.txt_0.5.bz2;560;0.179402;167307
BPPC_2_0_6.txt_0.2.bz2;600;0.02742;19522
BPPC_5_0_10.txt_0.7.bz2;2018;9.01222e-05;25
BPPC_5_0_1.txt_0.3.bz2;3100;0.000725985;1351
BPPC_2_0_4.txt_0.5.bz2;549;0.0156598;21344
BPPC_4_0_1.txt_0.5.bz2;571;5.70598;3548871
BPPC_3_0_3.txt_0.6.bz2;540;0.0889881;97966
BPPC_4_0_6.txt_0.4.bz2;600;2.39114;794563
BPPC_6_0_10.txt_0.3.bz2;3110;0.00162482;4200
BPPC_8_0_10.txt_0.4.bz2;3110;0.00114703;1602
BPPC_5_0_8.txt_0.2.bz2;3107;0.000663996;1588
BPPC_7_0_3.txt_0.9.bz2;1772;0.000298023;65
BPPC_7_0_2.txt_0.3.bz2;3110;0.000708103;190
BPPC_4_0_7.txt_0.2.bz2;650;7.13498;1617762
BPPC_7_0_3.txt_0.6.bz2;3081;0.00751901;4850
BPPC_8_0_1.txt_0.2.bz2;3110;0.000808954;102
BPPC_3_0_2.txt_0.7.bz2;530;0.020817;14022
BPPC_4_0_3.txt_0.5.bz2;574;2.33102;1205184
BPPC_1_0_1.txt_0.2.bz2;590;0.000454187;653
BPPC_5_0_4.txt_0.7.bz2;1904;0.000163078;23
BPPC_1_0_10.txt_0.5.bz2;538;0.0014751;1562
BPPC_5_0_6.txt_0.7.bz2;1836;0.000185966;35
BPPC_5_0_6.txt_0.9.bz2;1317;8.60691e-05;16
BPPC_7_0_1.txt_0.3.bz2;3110;0.000240088;45
BPPC_4_0_3.txt_0.8.bz2;520;0.038574;19208
BPPC_4_0_8.txt_0.2.bz2;640;2.04413;409017
BPPC_5_0_6.txt_0.8.bz2;1651;0.000138044;24
BPPC_1_0_2.txt_0.9.bz2;301;0.000135899;23
BPPC_2_0_6.txt_0.6.bz2;530;0.00747204;7992
BPPC_4_0_6.txt_0.6.bz2;559;1.70005;1093622
BPPC_6_0_3.txt_0.4.bz2;3100;0.00203896;4090
BPPC_2_0_9.txt_0.8.bz2;497;0.00108218;195
BPPC_7_0_1.txt_0.6.bz2;3086;0.00789118;4661
BPPC_4_0_10.txt_0.9.bz2;497;0.00851488;718
BPPC_3_0_10.txt_0.4.bz2;587;0.161948;97603
BPPC_3_0_10.txt_0.7.bz2;530;0.0202599;12846
BPPC_8_0_6.txt_0.8.bz2;2772;0.00535202;503
BPPC_6_0_8.txt_0.2.bz2;3110;0.000168085;118
BPPC_4_0_7.txt_0.9.bz2;489;0.00878096;736
BPPC_4_0_2.txt_0.8.bz2;520;0.048389;19664
BPPC_3_0_3.txt_0.3.bz2;600;0.238626;114961
BPPC_5_0_2.txt_0.8.bz2;1524;8.2016e-05;17
BPPC_7_0_8.txt_0.9.bz2;1743;0.000573874;54
BPPC_5_0_9.txt_0.6.bz2;2163;0.000240803;61
BPPC_6_0_2.txt_0.1.bz2;3110;0.000257015;63
BPPC_3_0_3.txt_0.5.bz2;560;0.144545;129227
BPPC_3_0_7.txt_0.1.bz2;630;0.00256419;426
BPPC_8_0_4.txt_0.7.bz2;3070;0.0218871;8398
BPPC_4_0_2.txt_0.9.bz2;497;0.00827599;724
BPPC_5_0_3.txt_0.2.bz2;3110;7.51019e-05;27
BPPC_2_0_6.txt_0.4.bz2;570;0.0195119;20903
BPPC_7_0_6.txt_0.3.bz2;3110;0.000274897;163
BPPC_7_0_6.txt_0.6.bz2;3085;0.00940394;5058
BPPC_2_0_9.txt_0.2.bz2;600;0.00482798;2058
BPPC_1_0_9.txt_0.1.bz2;590;0.000638962;94
BPPC_5_0_7.txt_0.7.bz2;1938;0.000295877;20
BPPC_5_0_1.txt_0.7.bz2;2226;8.2016e-05;31
BPPC_6_0_9.txt_0.8.bz2;1898;0.000233889;29
BPPC_7_0_1.txt_0.9.bz2;1907;0.000597;63
BPPC_7_0_5.txt_0.6.bz2;3087;0.00767899;4761
BPPC_7_0_9.txt_0.6.bz2;3080;0.0083921;5240
BPPC_3_0_1.txt_0.4.bz2;580;0.447651;368088
BPPC_1_0_9.txt_0.3.bz2;560;0.001441;2087
BPPC_8_0_3.txt_0.2.bz2;3110;0.000737906;48
BPPC_1_0_8.txt_0.5.bz2;530;0.00107694;2144
BPPC_8_0_10.txt_0.1.bz2;3110;0.00181985;140
BPPC_6_0_6.txt_0.3.bz2;3110;0.00103402;2022
BPPC_3_0_1.txt_0.1.bz2;640;0.0300369;7679
BPPC_4_0_10.txt_0.4.bz2;600;6.333;2390038
BPPC_7_0_1.txt_0.8.bz2;2295;0.000579119;211
BPPC_5_0_10.txt_0.4.bz2;3083;0.000524044;494
BPPC_2_0_1.txt_0.6.bz2;530;0.00789809;8446
BPPC_1_0_3.txt_0.5.bz2;537;0.00218105;1777
BPPC_4_0_5.txt_0.1.bz2;660;0.166519;16595
BPPC_3_0_7.txt_0.3.bz2;605;0.0510778;20861
BPPC_2_0_6.txt_0.1.bz2;630;0.000146866;30
BPPC_4_0_3.txt_0.9.bz2;484;0.00895309;815
BPPC_7_0_6.txt_0.1.bz2;3110;0.00149512;85
BPPC_6_0_1.txt_0.6.bz2;2757;0.000471115;393
BPPC_8_0_4.txt_0.5.bz2;3110;0.044584;58845
BPPC_7_0_2.txt_0.6.bz2;3078;0.0080421;5042
BPPC_7_0_4.txt_0.4.bz2;3110;0.0131369;26957
BPPC_1_0_3.txt_0.1.bz2;610;0.000423193;299
BPPC_1_0_5.txt_0.7.bz2;504;0.00119495;141
BPPC_6_0_5.txt_0.3.bz2;3110;0.00130391;1128
BPPC_7_0_7.txt_0.4.bz2;3110;0.00436783;4290
BPPC_1_0_8.txt_0.7.bz2;499;0.000257969;137
BPPC_7_0_5.txt_0.3.bz2;3110;0.000262022;70
BPPC_5_0_2.txt_0.9.bz2;1393;0.000440836;7
BPPC_3_0_2.txt_0.1.bz2;640;0.0437779;12337
BPPC_4_0_4.txt_0.7.bz2;534;0.370513;249412
BPPC_1_0_8.txt_0.2.bz2;570;0.000902891;383
BPPC_7_0_3.txt_0.2.bz2;3110;0.000269175;27
BPPC_3_0_2.txt_0.4.bz2;580;0.291923;210961
BPPC_3_0_1.txt_0.9.bz2;449;0.00280118;237
BPPC_2_0_2.txt_0.3.bz2;590;0.0437;38349
BPPC_4_0_10.txt_0.5.bz2;573;6.78222;3966765
BPPC_4_0_6.txt_0.1.bz2;650;1.44949;181105
BPPC_2_0_6.txt_0.5.bz2;550;0.009866;14424
BPPC_8_0_4.txt_0.2.bz2;3110;0.000592947;66
BPPC_2_0_5.txt_0.4.bz2;570;0.012434;16657
BPPC_2_0_3.txt_0.2.bz2;610;0.00426006;4176
BPPC_7_0_7.txt_0.3.bz2;3110;0.00035882;61
BPPC_8_0_6.txt_0.2.bz2;3110;0.00077796;97
BPPC_3_0_7.txt_0.4.bz2;580;0.095365;53079
BPPC_2_0_7.txt_0.1.bz2;630;0.00292516;441
BPPC_7_0_6.txt_0.5.bz2;3100;0.0155752;19462
BPPC_5_0_4.txt_0.5.bz2;2711;0.000142097;93
BPPC_2_0_3.txt_0.1.bz2;630;0.00324106;1416
BPPC_7_0_4.txt_0.7.bz2;2830;0.00158501;599
BPPC_2_0_4.txt_0.1.bz2;620;0.00687003;2250
BPPC_6_0_9.txt_0.4.bz2;3100;0.00251007;5177
BPPC_8_0_10.txt_0.9.bz2;1998;0.00106287;212
BPPC_3_0_3.txt_0.7.bz2;529;0.0215251;13605
BPPC_1_0_1.txt_0.4.bz2;559;0.00209522;2386
BPPC_5_0_5.txt_0.8.bz2;1710;8.2016e-05;16
BPPC_2_0_1.txt_0.7.bz2;520;0.00257206;1018
BPPC_6_0_7.txt_0.1.bz2;3110;0.000375032;54
BPPC_6_0_6.txt_0.2.bz2;3110;0.00101805;60
BPPC_1_0_10.txt_0.6.bz2;518;0.00058198;473
BPPC_6_0_2.txt_0.9.bz2;1529;0.000288963;20
BPPC_7_0_9.txt_0.1.bz2;3110;0.000751019;93
BPPC_3_0_9.txt_0.3.bz2;600;0.681098;424324
BPPC_2_0_4.txt_0.4.bz2;570;0.012763;11043
BPPC_2_0_5.txt_0.1.bz2;630;0.00172591;631
BPPC_6_0_2.txt_0.4.bz2;3100;0.00301886;5667
BPPC_7_0_5.txt_0.7.bz2;3032;0.00208998;371
BPPC_7_0_3.txt_0.8.bz2;2229;0.00110412;220
BPPC_1_0_10.txt_0.2.bz2;590;0.00503993;5674
BPPC_3_0_3.txt_0.8.bz2;509;0.00604701;1105
BPPC_8_0_5.txt_0.1.bz2;3110;0.00090909;127
BPPC_1_0_9.txt_0.8.bz2;433;0.00015378;45
BPPC_7_0_4.txt_0.1.bz2;3110;0.000895977;78
BPPC_1_0_6.txt_0.6.bz2;518;0.000504971;599
BPPC_6_0_7.txt_0.7.bz2;2282;0.000235081;112
BPPC_6_0_8.txt_0.3.bz2;3110;0.000678062;1228
BPPC_7_0_3.txt_0.7.bz2;2838;0.00139689;524
BPPC_8_0_6.txt_0.5.bz2;3110;0.032212;36276
BPPC_4_0_8.txt_0.7.bz2;540;0.246564;148724
BPPC_4_0_5.txt_0.6.bz2;559;1.20438;693923
BPPC_5_0_9.txt_0.2.bz2;3110;0.00052309;1449
BPPC_1_0_10.txt_0.7.bz2;496;0.000386953;141
BPPC_6_0_8.txt_0.6.bz2;3064;0.000353813;232
BPPC_8_0_9.txt_0.1.bz2;3110;0.000917196;126
BPPC_3_0_4.txt_0.8.bz2;509;0.00393105;1183
BPPC_6_0_5.txt_0.9.bz2;1476;0.000153065;21
BPPC_2_0_5.txt_0.7.bz2;524;0.0012331;877
BPPC_7_0_10.txt_0.2.bz2;3110;0.00126505;126
BPPC_2_0_5.txt_0.3.bz2;587;0.0113881;8750
BPPC_3_0_4.txt_0.3.bz2;600;0.275057;155488
BPPC_1_0_5.txt_0.4.bz2;550;0.001333;2338
BPPC_7_0_8.txt_0.3.bz2;3110;0.00221086;51
BPPC_5_0_9.txt_0.5.bz2;3015;0.000350952;94
BPPC_7_0_5.txt_0.1.bz2;3110;0.00047183;82
BPPC_6_0_3.txt_0.5.bz2;3087;0.00132918;1600
BPPC_6_0_3.txt_0.1.bz2;3110;0.000431061;65
BPPC_2_0_2.txt_0.8.bz2;481;0.00433207;227
BPPC_2_0_8.txt_0.6.bz2;530;0.00747299;7495
BPPC_8_0_7.txt_0.6.bz2;3093;0.195098;166038
BPPC_7_0_7.txt_0.9.bz2;1801;0.000434875;29
BPPC_2_0_7.txt_0.6.bz2;533;0.00660396;5756
BPPC_7_0_8.txt_0.1.bz2;3110;0.000880957;77
